id,name,description,maxCount,options,points,requiresUpgrade,targetModel,targetModels,targetModelType,type
legatine-marshall-weapon-upgrade,Legatine Marshall Weapon Upgrade,The Legatine Marshall can replace their Charnabal Sabre with a different weapon.,1,"[{""id"":""power-sword-option"",""name"":""Power Sword"",""description"":""Replace Charnabal Sabre with a Power Sword"",""points"":5,""replaceWeapon"":""charnabal-sabre"",""addWeapon"":""power-sword""},{""id"":""power-fist-option"",""name"":""Power Fist"",""description"":""Replace Charnabal Sabre with a Power Fist"",""points"":10,""replaceWeapon"":""charnabal-sabre"",""addWeapon"":""power-fist""},{""id"":""paragon-blade-option"",""name"":""Paragon Blade"",""description"":""Replace Charnabal Sabre with a Paragon Blade"",""points"":10,""replaceWeapon"":""charnabal-sabre"",""addWeapon"":""paragon-blade""},{""id"":""thunder-hammer-option"",""name"":""Thunder Hammer"",""description"":""Replace Charnabal Sabre with a Thunder Hammer"",""points"":10,""replaceWeapon"":""charnabal-sabre"",""addWeapon"":""thunder-hammer""}]",,,,,legatine-marshall-model,weapon
additional-lifewards-upgrade,Additional Lifewards,Add up to 5 additional Lifeward models to the unit.,5,"[{""id"":""additional-lifeward-option"",""name"":""Additional Lifeward"",""description"":""Add one Lifeward model to the unit"",""points"":14}]",,,lifeward-model,,,model-count
lifeward-weapon-upgrade,Lifeward Weapon Upgrade,Any Lifeward can replace their Lasrifle with a Charnabal Sabre and Laspistol.,dependent,"[{""id"":""charnabal-laspistol-option"",""name"":""Charnabal Sabre and Laspistol"",""description"":""Replace Lasrifle with Charnabal Sabre and Laspistol"",""points"":0,""weaponReplacements"":[{""replaceWeapon"":""lasrifle"",""addWeapon"":""charnabal-sabre""},{""replaceWeapon"":""lasrifle"",""addWeapon"":""laspistol""}]}]",,,,,lifeward-model,weapon
lifeward-sabre-upgrade,Lifeward Sabre Upgrade,Any Lifeward with a Charnabal Sabre can replace it with a different weapon.,dependent,"[{""id"":""lifeward-power-sword-option"",""name"":""Power Sword"",""description"":""Replace Charnabal Sabre with a Power Sword"",""points"":5,""replaceWeapon"":""charnabal-sabre"",""addWeapon"":""power-sword""},{""id"":""lifeward-power-fist-option"",""name"":""Power Fist"",""description"":""Replace Charnabal Sabre with a Power Fist"",""points"":10,""replaceWeapon"":""charnabal-sabre"",""addWeapon"":""power-fist""}]",,lifeward-weapon-upgrade,,,lifeward-model,weapon
legatine-marshall-pistol-upgrade,Legatine Marshall Pistol Upgrade,The Legatine Marshall can replace their Las Pistol with a different pistol weapon.,1,"[{""id"":""plasma-pistol-option"",""name"":""Plasma Pistol"",""description"":""Replace Las Pistol with a Plasma Pistol"",""points"":5,""replaceWeapon"":""laspistol"",""addWeapon"":""plasma-pistol""},{""id"":""volkite-serpenta-option"",""name"":""Volkite Serpenta"",""description"":""Replace Las Pistol with a Volkite Serpenta"",""points"":5,""replaceWeapon"":""laspistol"",""addWeapon"":""volkite-serpenta""},{""id"":""inferno-pistol-option"",""name"":""Inferno Pistol"",""description"":""Replace Las Pistol with an Inferno Pistol"",""points"":10,""replaceWeapon"":""laspistol"",""addWeapon"":""inferno-pistol""},{""id"":""archaeotech-pistol-option"",""name"":""Archaeotech Pistol"",""description"":""Replace Las Pistol with an Archaeotech Pistol"",""points"":10,""replaceWeapon"":""laspistol"",""addWeapon"":""archaeotech-pistol""},{""id"":""needle-pistol-option"",""name"":""Needle Pistol"",""description"":""Replace Las Pistol with a Needle Pistol"",""points"":5,""replaceWeapon"":""laspistol"",""addWeapon"":""needle-pistol""},{""id"":""blast-pistol-option"",""name"":""Blast Pistol"",""description"":""Replace Las Pistol with a Blast Pistol"",""points"":3,""replaceWeapon"":""laspistol"",""addWeapon"":""blast-pistol""},{""id"":""hand-flamer-option"",""name"":""Hand Flamer"",""description"":""Replace Las Pistol with a Hand Flamer"",""points"":5,""replaceWeapon"":""laspistol"",""addWeapon"":""hand-flamer""}]",,,,,legatine-marshall-model,weapon
lifeward-pistol-upgrade,Lifeward Pistol Upgrade,Lifewards can replace their Lasrifle with a different pistol weapon.,dependent,"[{""id"":""lifeward-plasma-pistol-option"",""name"":""Plasma Pistol"",""description"":""Replace Lasrifle with a Plasma Pistol"",""points"":5,""replaceWeapon"":""lasrifle"",""addWeapon"":""plasma-pistol""},{""id"":""lifeward-volkite-serpenta-option"",""name"":""Volkite Serpenta"",""description"":""Replace Lasrifle with a Volkite Serpenta"",""points"":5,""replaceWeapon"":""lasrifle"",""addWeapon"":""volkite-serpenta""},{""id"":""lifeward-needle-pistol-option"",""name"":""Needle Pistol"",""description"":""Replace Lasrifle with a Needle Pistol"",""points"":5,""replaceWeapon"":""lasrifle"",""addWeapon"":""needle-pistol""},{""id"":""lifeward-blast-pistol-option"",""name"":""Blast Pistol"",""description"":""Replace Lasrifle with a Blast Pistol"",""points"":3,""replaceWeapon"":""lasrifle"",""addWeapon"":""blast-pistol""},{""id"":""lifeward-hand-flamer-option"",""name"":""Hand Flamer"",""description"":""Replace Lasrifle with a Hand Flamer"",""points"":5,""replaceWeapon"":""lasrifle"",""addWeapon"":""hand-flamer""}]",,,,,lifeward-model,weapon
lifeward-bayonet-upgrade,Lifeward Bayonet Upgrade,Lifewards with Lasrifles can add bayonets for close combat.,dependent,"[{""id"":""bayonet-option"",""name"":""Bayonet"",""description"":""Add a Bayonet to a Lasrifle"",""points"":1,""addWeapon"":""bayonet""}]",,,,,lifeward-model,weapon
lifeward-blast-charger-upgrade,Lifeward Blast Charger Upgrade,Lifewards with Lasrifles can add blast chargers for enhanced firepower.,dependent,"[{""id"":""blast-charger-option"",""name"":""Blast Charger"",""description"":""Add a Blast Charger to a Lasrifle"",""points"":1,""addWeapon"":""blast-charger""}]",,,,,lifeward-model,weapon
lifeward-command-vox-upgrade,Lifeward Command Vox Upgrade,One Lifeward in the unit may have a Command Vox for enhanced communications.,1,"[{""id"":""command-vox-option"",""name"":""Command Vox"",""description"":""Add a Command Vox to one Lifeward"",""points"":10,""addWargear"":""command-vox""}]",,,,,lifeward-model,wargear
lifeward-augury-scanner-upgrade,Lifeward Augury Scanner Upgrade,One Lifeward in the unit may have an Augury Scanner for enhanced detection.,1,"[{""id"":""augury-scanner-option"",""name"":""Augury Scanner"",""description"":""Add an Augury Scanner to one Lifeward"",""points"":10,""addWargear"":""augury-scanner""}]",,,,,lifeward-model,wargear
lifeward-vexilla-upgrade,Lifeward Vexilla Upgrade,One Lifeward in the unit may carry a vexilla banner. Only one vexilla type may be selected.,1,"[{""id"":""auxilia-vexilla-option"",""name"":""Auxilia Vexilla"",""description"":""Add an Auxilia Vexilla to one Lifeward"",""points"":5,""addWargear"":""auxilia-vexilla""},{""id"":""cohorts-vexilla-option"",""name"":""Cohorts Vexilla"",""description"":""Add a Cohorts Vexilla to one Lifeward"",""points"":15,""addWargear"":""cohorts-vexilla""}]",,,,,lifeward-model,wargear
lifeward-melta-bomb-upgrade,Lifeward Melta Bomb Upgrade,One Lifeward in the unit may have a Melta Bomb for anti-armor combat.,1,"[{""id"":""melta-bomb-option"",""name"":""Melta Bomb"",""description"":""Add a Melta Bomb to one Lifeward"",""points"":10,""addWeapon"":""melta-bomb""}]",,,,,lifeward-model,weapon
auxilia-captain-weapon-upgrade,Auxilia Captain Weapon Upgrade,The Auxilia Captain can replace their Charnabal Sabre with a different weapon.,1,"[{""id"":""auxilia-captain-thunder-hammer-option"",""name"":""Thunder Hammer"",""description"":""Replace Charnabal Sabre with a Thunder Hammer"",""points"":10,""replaceWeapon"":""charnabal-sabre"",""addWeapon"":""thunder-hammer""},{""id"":""auxilia-captain-power-fist-option"",""name"":""Power Fist"",""description"":""Replace Charnabal Sabre with a Power Fist"",""points"":10,""replaceWeapon"":""charnabal-sabre"",""addWeapon"":""power-fist""},{""id"":""auxilia-captain-power-sword-option"",""name"":""Power Sword"",""description"":""Replace Charnabal Sabre with a Power Sword"",""points"":5,""replaceWeapon"":""charnabal-sabre"",""addWeapon"":""power-sword""}]",,,,,auxilia-captain-model,weapon
auxilia-captain-pistol-upgrade,Auxilia Captain Pistol Upgrade,The Auxilia Captain can replace their Las Pistol with a different pistol weapon.,1,"[{""id"":""auxilia-captain-blast-pistol-option"",""name"":""Blast Pistol"",""description"":""Replace Las Pistol with a Blast Pistol"",""points"":3,""replaceWeapon"":""laspistol"",""addWeapon"":""blast-pistol""},{""id"":""auxilia-captain-needle-pistol-option"",""name"":""Needle Pistol"",""description"":""Replace Las Pistol with a Needle Pistol"",""points"":5,""replaceWeapon"":""laspistol"",""addWeapon"":""needle-pistol""},{""id"":""auxilia-captain-volkite-serpenta-option"",""name"":""Volkite Serpenta"",""description"":""Replace Las Pistol with a Volkite Serpenta"",""points"":5,""replaceWeapon"":""laspistol"",""addWeapon"":""volkite-serpenta""},{""id"":""auxilia-captain-hand-flamer-option"",""name"":""Hand Flamer"",""description"":""Replace Las Pistol with a Hand Flamer"",""points"":5,""replaceWeapon"":""laspistol"",""addWeapon"":""hand-flamer""},{""id"":""auxilia-captain-plasma-pistol-option"",""name"":""Plasma Pistol"",""description"":""Replace Las Pistol with a Plasma Pistol"",""points"":5,""replaceWeapon"":""laspistol"",""addWeapon"":""plasma-pistol""}]",,,,,auxilia-captain-model,weapon
companion-weapon-upgrade,Companion Weapon Upgrade,Companions can replace their Lasrifle with a Laspistol and Charnabal Sabre.,dependent,"[{""id"":""companion-weapon-option"",""name"":""Laspistol and Charnabal Sabre"",""description"":""Replace Lasrifle with a Laspistol and Charnabal Sabre"",""points"":0,""weaponReplacements"":[{""replaceWeapon"":""lasrifle"",""addWeapon"":""laspistol""},{""replaceWeapon"":""lasrifle"",""addWeapon"":""charnabal-sabre""}]}]",,,,,companion-model,weapon
companion-sabre-upgrade,Companion Sabre Upgrade,Companions with Charnabal Sabres can replace them with different melee weapons.,dependent,"[{""id"":""companion-power-sword-option"",""name"":""Power Sword"",""description"":""Replace Charnabal Sabre with a Power Sword"",""points"":5,""replaceWeapon"":""charnabal-sabre"",""addWeapon"":""power-sword""},{""id"":""companion-power-fist-option"",""name"":""Power Fist"",""description"":""Replace Charnabal Sabre with a Power Fist"",""points"":10,""replaceWeapon"":""charnabal-sabre"",""addWeapon"":""power-fist""}]",,,,,companion-model,weapon
companion-pistol-upgrade,Companion Pistol Upgrade,Companions can replace their Lasrifle with a different pistol weapon.,dependent,"[{""id"":""companion-blast-pistol-option"",""name"":""Blast Pistol"",""description"":""Replace Lasrifle with a Blast Pistol"",""points"":3,""replaceWeapon"":""lasrifle"",""addWeapon"":""blast-pistol""},{""id"":""companion-needle-pistol-option"",""name"":""Needle Pistol"",""description"":""Replace Lasrifle with a Needle Pistol"",""points"":5,""replaceWeapon"":""lasrifle"",""addWeapon"":""needle-pistol""},{""id"":""companion-volkite-serpenta-option"",""name"":""Volkite Serpenta"",""description"":""Replace Lasrifle with a Volkite Serpenta"",""points"":5,""replaceWeapon"":""lasrifle"",""addWeapon"":""volkite-serpenta""},{""id"":""companion-hand-flamer-option"",""name"":""Hand Flamer"",""description"":""Replace Lasrifle with a Hand Flamer"",""points"":5,""replaceWeapon"":""lasrifle"",""addWeapon"":""hand-flamer""},{""id"":""companion-plasma-pistol-option"",""name"":""Plasma Pistol"",""description"":""Replace Lasrifle with a Plasma Pistol"",""points"":5,""replaceWeapon"":""lasrifle"",""addWeapon"":""plasma-pistol""}]",,,,,companion-model,weapon
additional-companions-upgrade,Additional Companions,The unit can include up to 5 more Companions.,5,"[{""id"":""additional-companion-option"",""name"":""Additional Companion"",""description"":""Add one Companion to the unit"",""points"":12}]",,,companion-model,,,model-count
companion-bayonet-upgrade,Companion Bayonet Upgrade,Companions with Lasrifles can add bayonets for close combat.,dependent,"[{""id"":""companion-bayonet-option"",""name"":""Bayonet"",""description"":""Add a bayonet to a Companion with a Lasrifle"",""points"":1,""addWeapon"":""bayonet""}]",,,,,companion-model,weapon
companion-blast-charger-upgrade,Companion Blast Charger Upgrade,Companions with Lasrifles can add blast chargers for enhanced firepower.,dependent,"[{""id"":""companion-blast-charger-option"",""name"":""Blast Charger"",""description"":""Add a blast charger to a Companion with a Lasrifle"",""points"":1,""addWeapon"":""blast-charger""}]",,,,,companion-model,weapon
companion-command-vox-upgrade,Companion Command Vox Upgrade,One Companion in the unit may have a Command Vox for enhanced communications.,1,"[{""id"":""companion-command-vox-option"",""name"":""Command Vox"",""description"":""Add a Command Vox to one Companion"",""points"":10,""addWargear"":""command-vox""}]",,,,,companion-model,wargear
companion-augury-scanner-upgrade,Companion Augury Scanner Upgrade,One Companion in the unit may have an Augury Scanner for enhanced detection.,1,"[{""id"":""companion-augury-scanner-option"",""name"":""Augury Scanner"",""description"":""Add an Augury Scanner to one Companion"",""points"":10,""addWargear"":""augury-scanner""}]",,,,,companion-model,wargear
companion-vexilla-upgrade,Companion Vexilla Upgrade,One Companion in the unit may carry a vexilla banner. Only one vexilla type may be selected.,1,"[{""id"":""companion-auxilia-vexilla-option"",""name"":""Auxilia Vexilla"",""description"":""Add an Auxilia Vexilla to one Companion"",""points"":5,""addWargear"":""auxilia-vexilla""},{""id"":""companion-cohorts-vexilla-option"",""name"":""Cohorts Vexilla"",""description"":""Add a Cohorts Vexilla to one Companion"",""points"":15,""addWargear"":""cohorts-vexilla""}]",,,,,companion-model,wargear
companion-melta-bomb-upgrade,Companion Melta Bomb Upgrade,One Companion in the unit may have a Melta Bomb for anti-armor combat.,1,"[{""id"":""companion-melta-bomb-option"",""name"":""Melta Bomb"",""description"":""Add a Melta Bomb to one Companion"",""points"":10,""addWeapon"":""melta-bomb""}]",,,,,companion-model,weapon
additional-veterans-upgrade,Additional Veterans,The unit can include up to 5 more Veterans.,5,"[{""id"":""additional-veteran-option"",""name"":""Additional Veteran"",""description"":""Add one Veteran to the unit"",""points"":7}]",,,veteran-model,,,model-count
troop-master-weapon-upgrade,Troop Master Weapon Upgrade,The Troop Master can replace their Lasrifle with a Laspistol and Charnabal Sabre.,1,"[{""id"":""troop-master-charnabal-laspistol-option"",""name"":""Charnabal Sabre and Laspistol"",""description"":""Replace Lasrifle with Charnabal Sabre and Laspistol"",""points"":0,""weaponReplacements"":[{""replaceWeapon"":""lasrifle"",""addWeapon"":""charnabal-sabre""},{""replaceWeapon"":""lasrifle"",""addWeapon"":""laspistol""}]}]",,,,,troop-master-model,weapon
troop-master-pistol-upgrade,Troop Master Pistol Upgrade,The Troop Master can replace their Lasrifle with a different pistol weapon.,1,"[{""id"":""troop-master-blast-pistol-option"",""name"":""Blast Pistol"",""description"":""Replace Lasrifle with a Blast Pistol"",""points"":3,""replaceWeapon"":""lasrifle"",""addWeapon"":""blast-pistol""},{""id"":""troop-master-needle-pistol-option"",""name"":""Needle Pistol"",""description"":""Replace Lasrifle with a Needle Pistol"",""points"":5,""replaceWeapon"":""lasrifle"",""addWeapon"":""needle-pistol""},{""id"":""troop-master-volkite-serpenta-option"",""name"":""Volkite Serpenta"",""description"":""Replace Lasrifle with a Volkite Serpenta"",""points"":5,""replaceWeapon"":""lasrifle"",""addWeapon"":""volkite-serpenta""},{""id"":""troop-master-hand-flamer-option"",""name"":""Hand Flamer"",""description"":""Replace Lasrifle with a Hand Flamer"",""points"":5,""replaceWeapon"":""lasrifle"",""addWeapon"":""hand-flamer""},{""id"":""troop-master-plasma-pistol-option"",""name"":""Plasma Pistol"",""description"":""Replace Lasrifle with a Plasma Pistol"",""points"":5,""replaceWeapon"":""lasrifle"",""addWeapon"":""plasma-pistol""}]",,,,,troop-master-model,weapon
troop-master-bayonet-upgrade,Troop Master Bayonet Upgrade,The Troop Master can add a bayonet for close combat.,1,"[{""id"":""troop-master-bayonet-option"",""name"":""Bayonet"",""description"":""Add a bayonet to the Troop Master"",""points"":1,""addWeapon"":""bayonet""}]",,,,,troop-master-model,weapon
troop-master-blast-charger-upgrade,Troop Master Blast Charger Upgrade,The Troop Master can add a blast charger for enhanced firepower.,1,"[{""id"":""troop-master-blast-charger-option"",""name"":""Blast Charger"",""description"":""Add a blast charger to the Troop Master"",""points"":1,""addWeapon"":""blast-charger""}]",,,,,troop-master-model,weapon
troop-master-command-vox-upgrade,Troop Master Command Vox Upgrade,The Troop Master may have a Command Vox for enhanced communications.,1,"[{""id"":""troop-master-command-vox-option"",""name"":""Command Vox"",""description"":""Add a Command Vox to the Troop Master"",""points"":10,""addWargear"":""command-vox""}]",,,,,troop-master-model,wargear
troop-master-augury-scanner-upgrade,Troop Master Augury Scanner Upgrade,The Troop Master may have an Augury Scanner for enhanced detection.,1,"[{""id"":""troop-master-augury-scanner-option"",""name"":""Augury Scanner"",""description"":""Add an Augury Scanner to the Troop Master"",""points"":10,""addWargear"":""augury-scanner""}]",,,,,troop-master-model,wargear
troop-master-vexilla-upgrade,Troop Master Vexilla Upgrade,The Troop Master may carry a vexilla banner. Only one vexilla type may be selected.,1,"[{""id"":""troop-master-auxilia-vexilla-option"",""name"":""Auxilia Vexilla"",""description"":""Add an Auxilia Vexilla to the Troop Master"",""points"":5,""addWargear"":""auxilia-vexilla""}]",,,,,troop-master-model,wargear
troop-master-melta-bomb-upgrade,Troop Master Melta Bomb Upgrade,The Troop Master may have a Melta Bomb for anti-armor combat.,1,"[{""id"":""troop-master-melta-bomb-option"",""name"":""Melta Bomb"",""description"":""Add a Melta Bomb to the Troop Master"",""points"":10,""addWeapon"":""melta-bomb""}]",,,,,troop-master-model,weapon
veteran-weapon-upgrade,Veteran Weapon Upgrade,Veterans can replace their Lasrifle with a Laspistol and Charnabal Sabre.,dependent,"[{""id"":""veteran-charnabal-laspistol-option"",""name"":""Charnabal Sabre and Laspistol"",""description"":""Replace Lasrifle with Charnabal Sabre and Laspistol"",""points"":0,""weaponReplacements"":[{""replaceWeapon"":""lasrifle"",""addWeapon"":""charnabal-sabre""},{""replaceWeapon"":""lasrifle"",""addWeapon"":""laspistol""}]}]",,,,,veteran-model,weapon
veteran-sabre-upgrade,Veteran Sabre Upgrade,Veterans with Charnabal Sabres can replace them with different melee weapons.,dependent,"[{""id"":""veteran-power-sword-option"",""name"":""Power Sword"",""description"":""Replace Charnabal Sabre with a Power Sword"",""points"":5,""replaceWeapon"":""charnabal-sabre"",""addWeapon"":""power-sword""},{""id"":""veteran-power-fist-option"",""name"":""Power Fist"",""description"":""Replace Charnabal Sabre with a Power Fist"",""points"":10,""replaceWeapon"":""charnabal-sabre"",""addWeapon"":""power-fist""}]",,veteran-weapon-upgrade,,,veteran-model,weapon
veteran-pistol-upgrade,Veteran Pistol Upgrade,Veterans can replace their Lasrifle with a different pistol weapon.,dependent,"[{""id"":""veteran-blast-pistol-option"",""name"":""Blast Pistol"",""description"":""Replace Lasrifle with a Blast Pistol"",""points"":3,""replaceWeapon"":""lasrifle"",""addWeapon"":""blast-pistol""},{""id"":""veteran-needle-pistol-option"",""name"":""Needle Pistol"",""description"":""Replace Lasrifle with a Needle Pistol"",""points"":5,""replaceWeapon"":""lasrifle"",""addWeapon"":""needle-pistol""},{""id"":""veteran-volkite-serpenta-option"",""name"":""Volkite Serpenta"",""description"":""Replace Lasrifle with a Volkite Serpenta"",""points"":5,""replaceWeapon"":""lasrifle"",""addWeapon"":""volkite-serpenta""},{""id"":""veteran-hand-flamer-option"",""name"":""Hand Flamer"",""description"":""Replace Lasrifle with a Hand Flamer"",""points"":5,""replaceWeapon"":""lasrifle"",""addWeapon"":""hand-flamer""},{""id"":""veteran-plasma-pistol-option"",""name"":""Plasma Pistol"",""description"":""Replace Lasrifle with a Plasma Pistol"",""points"":5,""replaceWeapon"":""lasrifle"",""addWeapon"":""plasma-pistol""}]",,,,,veteran-model,weapon
veteran-bayonet-upgrade,Veteran Bayonet Upgrade,Veterans with Lasrifles can add bayonets for close combat.,dependent,"[{""id"":""veteran-bayonet-option"",""name"":""Bayonet"",""description"":""Add a bayonet to a Veteran with a Lasrifle"",""points"":1,""addWeapon"":""bayonet""}]",,,,,veteran-model,weapon
veteran-blast-charger-upgrade,Veteran Blast Charger Upgrade,Veterans with Lasrifles can add blast chargers for enhanced firepower.,dependent,"[{""id"":""veteran-blast-charger-option"",""name"":""Blast Charger"",""description"":""Add a blast charger to a Veteran with a Lasrifle"",""points"":1,""addWeapon"":""blast-charger""}]",,,,,veteran-model,weapon
veteran-command-vox-upgrade,Veteran Command Vox Upgrade,One Veteran in the unit may have a Command Vox for enhanced communications.,1,"[{""id"":""veteran-command-vox-option"",""name"":""Command Vox"",""description"":""Add a Command Vox to one Veteran"",""points"":10,""addWargear"":""command-vox""}]",,,,,veteran-model,wargear
veteran-augury-scanner-upgrade,Veteran Augury Scanner Upgrade,One Veteran in the unit may have an Augury Scanner for enhanced detection.,1,"[{""id"":""veteran-augury-scanner-option"",""name"":""Augury Scanner"",""description"":""Add an Augury Scanner to one Veteran"",""points"":10,""addWargear"":""augury-scanner""}]",,,,,veteran-model,wargear
veteran-vexilla-upgrade,Veteran Vexilla Upgrade,One Veteran in the unit may carry a vexilla banner. Only one vexilla type may be selected.,1,"[{""id"":""veteran-auxilia-vexilla-option"",""name"":""Auxilia Vexilla"",""description"":""Add an Auxilia Vexilla to one Veteran"",""points"":5,""addWargear"":""auxilia-vexilla""}]",,,,,veteran-model,wargear
veteran-melta-bomb-upgrade,Veteran Melta Bomb Upgrade,One Veteran in the unit may have a Melta Bomb for anti-armor combat.,1,"[{""id"":""veteran-melta-bomb-option"",""name"":""Melta Bomb"",""description"":""Add a Melta Bomb to one Veteran"",""points"":10,""addWeapon"":""melta-bomb""}]",,,,,veteran-model,weapon
additional-veletarii-upgrade,Additional Veletarii,The unit can include up to 5 more Veletarii.,5,"[{""id"":""additional-veletarii-option"",""name"":""Additional Veletarii"",""description"":""Add one Veletarii to the unit"",""points"":8}]",,,veletarii-model,,,model-count
first-prime-weapon-upgrade,First Prime Weapon Upgrade,The First Prime can replace their Volkite Charger with a Laspistol and Charnabal Tabar.,1,"[{""id"":""first-prime-charnabal-laspistol-option"",""name"":""Charnabal Tabar and Laspistol"",""description"":""Replace Volkite Charger with Charnabal Tabar and Laspistol"",""points"":0,""weaponReplacements"":[{""replaceWeapon"":""volkite-charger"",""addWeapon"":""charnabal-tabar""},{""replaceWeapon"":""volkite-charger"",""addWeapon"":""laspistol""}]}]",,,,,first-prime-model,weapon
first-prime-tabar-upgrade,First Prime Tabar Upgrade,The First Prime can replace their Charnabal Tabar with different melee weapons.,1,"[{""id"":""first-prime-thunder-hammer-option"",""name"":""Thunder Hammer"",""description"":""Replace Charnabal Tabar with a Thunder Hammer"",""points"":10,""weaponReplacements"":[{""replaceWeapon"":""charnabal-tabar"",""addWeapon"":""thunder-hammer""}]},{""id"":""first-prime-power-sword-option"",""name"":""Power Sword"",""description"":""Replace Charnabal Tabar with a Power Sword"",""points"":5,""weaponReplacements"":[{""replaceWeapon"":""charnabal-tabar"",""addWeapon"":""power-sword""}]},{""id"":""first-prime-power-fist-option"",""name"":""Power Fist"",""description"":""Replace Charnabal Tabar with a Power Fist"",""points"":10,""weaponReplacements"":[{""replaceWeapon"":""charnabal-tabar"",""addWeapon"":""power-fist""}]}]",,first-prime-weapon-upgrade,,,first-prime-model,weapon
first-prime-pistol-upgrade,First Prime Pistol Upgrade,The First Prime can replace their Laspistol with different pistol weapons.,1,"[{""id"":""first-prime-blast-pistol-option"",""name"":""Blast Pistol"",""description"":""Replace Laspistol with a Blast Pistol"",""points"":3,""replaceWeapon"":""laspistol"",""addWeapon"":""blast-pistol""},{""id"":""first-prime-needle-pistol-option"",""name"":""Needle Pistol"",""description"":""Replace Laspistol with a Needle Pistol"",""points"":5,""replaceWeapon"":""laspistol"",""addWeapon"":""needle-pistol""},{""id"":""first-prime-volkite-serpenta-option"",""name"":""Volkite Serpenta"",""description"":""Replace Laspistol with a Volkite Serpenta"",""points"":5,""replaceWeapon"":""laspistol"",""addWeapon"":""volkite-serpenta""},{""id"":""first-prime-hand-flamer-option"",""name"":""Hand Flamer"",""description"":""Replace Laspistol with a Hand Flamer"",""points"":5,""replaceWeapon"":""laspistol"",""addWeapon"":""hand-flamer""},{""id"":""first-prime-plasma-pistol-option"",""name"":""Plasma Pistol"",""description"":""Replace Laspistol with a Plasma Pistol"",""points"":5,""replaceWeapon"":""laspistol"",""addWeapon"":""plasma-pistol""}]",,first-prime-weapon-upgrade,,,first-prime-model,weapon
veletarii-weapon-upgrade,Veletarii Weapon Upgrade,Veletarii can replace their Volkite Charger with a Storm Axe.,dependent,"[{""id"":""veletarii-storm-axe-option"",""name"":""Storm Axe"",""description"":""Replace Volkite Charger with a Storm Axe"",""points"":3,""replaceWeapon"":""volkite-charger"",""addWeapon"":""storm-axe""}]",,,,,veletarii-model,weapon
veletarii-command-vox-upgrade,Veletarii Command Vox Upgrade,One Veletarii in the unit may have a Command Vox for enhanced communications.,1,"[{""id"":""veletarii-command-vox-option"",""name"":""Command Vox"",""description"":""Add a Command Vox to one Veletarii"",""points"":10,""addWargear"":""command-vox""}]",,,,,veletarii-model,wargear
veletarii-augury-scanner-upgrade,Veletarii Augury Scanner Upgrade,One Veletarii in the unit may have an Augury Scanner for enhanced detection.,1,"[{""id"":""veletarii-augury-scanner-option"",""name"":""Augury Scanner"",""description"":""Add an Augury Scanner to one Veletarii"",""points"":10,""addWargear"":""augury-scanner""}]",,,,,veletarii-model,wargear
veletarii-vexilla-upgrade,Veletarii Vexilla Upgrade,One Veletarii in the unit may carry an Auxilia Vexilla banner.,1,"[{""id"":""veletarii-auxilia-vexilla-option"",""name"":""Auxilia Vexilla"",""description"":""Add an Auxilia Vexilla to one Veletarii"",""points"":5,""addWargear"":""auxilia-vexilla""}]",,,,,veletarii-model,wargear
additional-hermes-pathfinders-upgrade,Additional Hermes Pathfinders,The unit can include up to 4 additional Hermes Pathfinders.,4,"[{""id"":""additional-hermes-pathfinders-option"",""name"":""Additional Hermes Pathfinder"",""description"":""Add one Hermes Pathfinder to the unit"",""points"":18}]",18,,hermes-pathfinder-model,,,model-count
hermes-weapon-upgrade,Hermes Weapon Upgrade,Any model in the unit can replace their Multi-laser with different weapon options.,dependent,"[{""id"":""hermes-volkite-caliver-option"",""name"":""Volkite Caliver"",""description"":""Replace Multi-laser with a Volkite Caliver"",""points"":0,""replaceWeapon"":""multi-laser"",""addWeapon"":""volkite-caliver""},{""id"":""hermes-heavy-flamer-option"",""name"":""Heavy Flamer"",""description"":""Replace Multi-laser with a Heavy Flamer"",""points"":3,""replaceWeapon"":""multi-laser"",""addWeapon"":""heavy-flamer""},{""id"":""hermes-grenade-launcher-option"",""name"":""Hermes Grenade Launcher"",""description"":""Replace Multi-laser with a Hermes Grenade Launcher"",""points"":5,""replaceWeapon"":""multi-laser"",""addWeapon"":""hermes-grenade-launcher""}]",,,,,hermes-lead-model,weapon
hermes-pathfinder-weapon-upgrade,Hermes Pathfinder Weapon Upgrade,Any Hermes Pathfinder in the unit can replace their Multi-laser with different weapon options.,dependent,"[{""id"":""hermes-pathfinder-volkite-caliver-option"",""name"":""Volkite Caliver"",""description"":""Replace Multi-laser with a Volkite Caliver"",""points"":0,""replaceWeapon"":""multi-laser"",""addWeapon"":""volkite-caliver""},{""id"":""hermes-pathfinder-heavy-flamer-option"",""name"":""Heavy Flamer"",""description"":""Replace Multi-laser with a Heavy Flamer"",""points"":3,""replaceWeapon"":""multi-laser"",""addWeapon"":""heavy-flamer""},{""id"":""hermes-pathfinder-grenade-launcher-option"",""name"":""Hermes Grenade Launcher"",""description"":""Replace Multi-laser with a Hermes Grenade Launcher"",""points"":5,""replaceWeapon"":""multi-laser"",""addWeapon"":""hermes-grenade-launcher""}]",,,,,hermes-pathfinder-model,weapon
ordnance-master-weapon-upgrade,Ordnance Master Weapon Upgrade,The Ordnance Master can replace their Lasrifle with a Laspistol and Charnabal Sabre.,1,"[{""id"":""ordnance-master-charnabal-laspistol-option"",""name"":""Charnabal Sabre and Laspistol"",""description"":""Replace Lasrifle with Charnabal Sabre and Laspistol"",""points"":0,""weaponReplacements"":[{""replaceWeapon"":""lasrifle"",""addWeapon"":""charnabal-sabre""},{""replaceWeapon"":""lasrifle"",""addWeapon"":""laspistol""}]}]",,,,,ordnance-master-model,weapon
ordnance-master-pistol-upgrade,Ordnance Master Pistol Upgrade,The Ordnance Master can replace their Laspistol with different pistol weapons.,1,"[{""id"":""ordnance-master-blast-pistol-option"",""name"":""Blast Pistol"",""description"":""Replace Laspistol with a Blast Pistol"",""points"":3,""replaceWeapon"":""laspistol"",""addWeapon"":""blast-pistol""},{""id"":""ordnance-master-needle-pistol-option"",""name"":""Needle Pistol"",""description"":""Replace Laspistol with a Needle Pistol"",""points"":5,""replaceWeapon"":""laspistol"",""addWeapon"":""needle-pistol""},{""id"":""ordnance-master-volkite-serpenta-option"",""name"":""Volkite Serpenta"",""description"":""Replace Laspistol with a Volkite Serpenta"",""points"":5,""replaceWeapon"":""laspistol"",""addWeapon"":""volkite-serpenta""},{""id"":""ordnance-master-hand-flamer-option"",""name"":""Hand Flamer"",""description"":""Replace Laspistol with a Hand Flamer"",""points"":5,""replaceWeapon"":""laspistol"",""addWeapon"":""hand-flamer""},{""id"":""ordnance-master-plasma-pistol-option"",""name"":""Plasma Pistol"",""description"":""Replace Laspistol with a Plasma Pistol"",""points"":5,""replaceWeapon"":""laspistol"",""addWeapon"":""plasma-pistol""}]",,ordnance-master-weapon-upgrade,,,ordnance-master-model,weapon
ordnance-master-bayonet-upgrade,Ordnance Master Bayonet Upgrade,The Ordnance Master can add a Bayonet to their Lasrifle.,1,"[{""id"":""ordnance-master-bayonet-option"",""name"":""Bayonet"",""description"":""Add a Bayonet to the Lasrifle"",""points"":1,""addWeapon"":""bayonet""}]",,,,,ordnance-master-model,weapon
ordnance-master-blast-charger-upgrade,Ordnance Master Blast Charger Upgrade,The Ordnance Master can add a Blast Charger to their Lasrifle.,1,"[{""id"":""ordnance-master-blast-charger-option"",""name"":""Blast Charger"",""description"":""Add a Blast Charger to the Lasrifle"",""points"":1,""addWeapon"":""blast-charger""}]",,,,,ordnance-master-model,weapon
veteran-wargear-options,Veteran Wargear Options,Veterans can have various wargear options.,1,"[{""id"":""veteran-command-vox-option"",""name"":""Command Vox"",""description"":""Add a Command Vox to one Veteran"",""points"":10,""addWargear"":""command-vox""},{""id"":""veteran-augury-scanner-option"",""name"":""Augury Scanner"",""description"":""Add an Augury Scanner to one Veteran"",""points"":10,""addWargear"":""augury-scanner""},{""id"":""veteran-auxilia-vexilla-option"",""name"":""Auxilia Vexilla"",""description"":""Add an Auxilia Vexilla to one Veteran"",""points"":5,""addWargear"":""auxilia-vexilla""},{""id"":""veteran-melta-bomb-option"",""name"":""Melta Bomb"",""description"":""Add a Melta Bomb to one Veteran"",""points"":10,""addWargear"":""melta-bomb""}]",,,,,veteran-model,wargear
veteran-weapon-additions,Veteran Weapon Additions,Veterans with Lasrifles can add bayonet and blast charger options.,1,"[{""id"":""veteran-bayonet-option"",""name"":""Bayonet"",""description"":""Add a Bayonet to the Lasrifle"",""points"":1,""addWeapon"":""bayonet""},{""id"":""veteran-blast-charger-option"",""name"":""Blast Charger"",""description"":""Add a Blast Charger to the Lasrifle"",""points"":1,""addWeapon"":""blast-charger""}]",,,,,veteran-model,weapon
artillery-veteran-command-vox-upgrade,Artillery Veteran Command Vox Upgrade,One Veteran in the unit may have a Command Vox for enhanced communications.,1,"[{""id"":""artillery-veteran-command-vox-option"",""name"":""Command Vox"",""description"":""Add a Command Vox to one Veteran"",""points"":10,""addWargear"":""command-vox""}]",,,,,veteran-model,wargear
artillery-veteran-augury-scanner-upgrade,Artillery Veteran Augury Scanner Upgrade,One Veteran in the unit may have an Augury Scanner for enhanced detection.,1,"[{""id"":""artillery-veteran-augury-scanner-option"",""name"":""Augury Scanner"",""description"":""Add an Augury Scanner to one Veteran"",""points"":10,""addWargear"":""augury-scanner""}]",,,,,veteran-model,wargear
artillery-veteran-auxilia-vexilla-upgrade,Artillery Veteran Auxilia Vexilla Upgrade,One Veteran in the unit may carry an Auxilia Vexilla banner.,1,"[{""id"":""artillery-veteran-auxilia-vexilla-option"",""name"":""Auxilia Vexilla"",""description"":""Add an Auxilia Vexilla to one Veteran"",""points"":5,""addWargear"":""auxilia-vexilla""}]",,,,,veteran-model,wargear
artillery-veteran-melta-bomb-upgrade,Artillery Veteran Melta Bomb Upgrade,One Veteran in the unit may have a Melta Bomb.,1,"[{""id"":""artillery-veteran-melta-bomb-option"",""name"":""Melta Bomb"",""description"":""Add a Melta Bomb to one Veteran"",""points"":10,""addWargear"":""melta-bomb""}]",,,,,veteran-model,wargear
artillery-veteran-bayonet-upgrade,Artillery Veteran Bayonet Upgrade,Any Veteran with a Lasrifle can add a Bayonet.,dependent,"[{""id"":""artillery-veteran-bayonet-option"",""name"":""Bayonet"",""description"":""Add a Bayonet to the Lasrifle"",""points"":1,""addWeapon"":""bayonet""}]",,,,,veteran-model,weapon
artillery-veteran-blast-charger-upgrade,Artillery Veteran Blast Charger Upgrade,Any Veteran with a Lasrifle can add a Blast Charger.,dependent,"[{""id"":""artillery-veteran-blast-charger-option"",""name"":""Blast Charger"",""description"":""Add a Blast Charger to the Lasrifle"",""points"":1,""addWeapon"":""blast-charger""}]",,,,,veteran-model,weapon
additional-artillery-veterans-upgrade,Additional Artillery Veterans,The unit can include up to 5 additional Veterans.,5,"[{""id"":""additional-artillery-veterans-option"",""name"":""Additional Artillery Veteran"",""description"":""Add one Veteran to the unit"",""points"":7}]",7,,veteran-model,,,model-count
command-tank-turret-weapon-upgrade,Command Tank Turret Weapon Upgrade,Replace the Battlecannon with different turret-mounted weapon options,dependent,"[{""id"":""gravis-autocannon-option"",""name"":""Gravis Autocannon"",""description"":""Replace Battlecannon with a Gravis Autocannon"",""points"":0,""weaponReplacements"":[{""replaceWeapon"":""battlecannon"",""addWeapon"":{""id"":""gravis-autocannon"",""mount"":""Turret Mounted""}}]},{""id"":""twin-lascannon-option"",""name"":""Twin Lascannon"",""description"":""Replace Battlecannon with a Twin Lascannon"",""points"":0,""weaponReplacements"":[{""replaceWeapon"":""battlecannon"",""addWeapon"":{""id"":""twin-lascannon"",""mount"":""Turret Mounted""}}]},{""id"":""vanquisher-cannon-option"",""name"":""Vanquisher Cannon + Coaxial Heavy Stubber"",""description"":""Replace Battlecannon with a Vanquisher Cannon and add a Coaxial Heavy Stubber"",""points"":10,""weaponReplacements"":[{""replaceWeapon"":""battlecannon"",""addWeapon"":""vanquisher-cannon""},{""replaceWeapon"":""heavy-bolter"",""addWeapon"":""heavy-stubber""}]},{""id"":""demolisher-cannon-option"",""name"":""Demolisher Cannon"",""description"":""Replace Battlecannon with a Demolisher Cannon"",""points"":30,""weaponReplacements"":[{""replaceWeapon"":""battlecannon"",""addWeapon"":""demolisher-cannon""}]},{""id"":""executioner-plasma-destroyer-option"",""name"":""Executioner Plasma Destroyer"",""description"":""Replace Battlecannon with an Executioner Plasma Destroyer"",""points"":25,""weaponReplacements"":[{""replaceWeapon"":""battlecannon"",""addWeapon"":""executioner-plasma-destroyer""}]},{""id"":""volkite-macro-saker-option"",""name"":""Volkite Macro-Saker"",""description"":""Replace Battlecannon with a Volkite Macro-Saker"",""points"":0,""weaponReplacements"":[{""replaceWeapon"":""battlecannon"",""addWeapon"":""volkite-macro-saker""}]}]",,,,,command-tank-model,weapon
command-tank-hull-weapon-upgrade,Command Tank Hull Weapon Upgrade,Replace the Heavy Bolter with different hull-mounted weapon options,dependent,"[{""id"":""heavy-flamer-hull-option"",""name"":""Heavy Flamer"",""description"":""Replace Heavy Bolter with a Heavy Flamer"",""points"":0,""weaponReplacements"":[{""replaceWeapon"":""heavy-bolter"",""addWeapon"":{""id"":""heavy-flamer"",""mount"":""Hull (Front) Mounted""}}]},{""id"":""multi-laser-hull-option"",""name"":""Multi-Laser"",""description"":""Replace Heavy Bolter with a Multi-Laser"",""points"":0,""weaponReplacements"":[{""replaceWeapon"":""heavy-bolter"",""addWeapon"":""multi-laser""}]},{""id"":""autocannon-hull-option"",""name"":""Autocannon"",""description"":""Replace Heavy Bolter with an Autocannon"",""points"":5,""weaponReplacements"":[{""replaceWeapon"":""heavy-bolter"",""addWeapon"":""autocannon""}]},{""id"":""lascannon-hull-option"",""name"":""Lascannon"",""description"":""Replace Heavy Bolter with a Lascannon"",""points"":10,""weaponReplacements"":[{""replaceWeapon"":""heavy-bolter"",""addWeapon"":""lascannon""}]}]",,,,,command-tank-model,weapon
command-tank-pintle-weapon-upgrade,Command Tank Pintle Weapon Upgrade,Add pintle-mounted weapons to the vehicle,1,"[{""id"":""pintle-heavy-stubber-option"",""name"":""Pintle Heavy Stubber"",""description"":""Add a pintle-mounted Heavy Stubber"",""points"":5,""addWeapon"":""heavy-stubber""},{""id"":""pintle-heavy-flamer-option"",""name"":""Pintle Heavy Flamer"",""description"":""Add a pintle-mounted Heavy Flamer"",""points"":10,""addWeapon"":""heavy-flamer""},{""id"":""pintle-multi-laser-option"",""name"":""Pintle Multi-Laser"",""description"":""Add a pintle-mounted Multi-Laser"",""points"":10,""addWeapon"":""multi-laser""}]",,,,,command-tank-model,weapon
command-tank-hunter-killer-missile-upgrade,Command Tank Hunter-Killer Missile Upgrade,Add a Hunter-Killer Missile to the vehicle,1,"[{""id"":""hunter-killer-missile-option"",""name"":""Hunter-Killer Missile"",""description"":""Add a turret-mounted Hunter-Killer Missile"",""points"":5,""addWeapon"":""hunter-killer-missile""}]",,,,,command-tank-model,weapon
command-tank-wargear-upgrade,Command Tank Wargear Upgrade,Add various wargear options to the vehicle,1,"[{""id"":""searchlight-option"",""name"":""Searchlight"",""description"":""Add a Searchlight to the vehicle"",""points"":5,""addWargear"":""searchlight""},{""id"":""dozer-blade-option"",""name"":""Dozer Blade"",""description"":""Add a Dozer Blade to the vehicle"",""points"":5,""addWargear"":""dozer-blade""},{""id"":""flare-shield-option"",""name"":""Flare Shield"",""description"":""Add a Flare Shield to the vehicle"",""points"":5,""addWargear"":""flare-shield""}]",,,,,command-tank-model,wargear
additional-veletaris-storm-veletarii-upgrade,Additional Veletaris Storm Veletarii,The unit can include up to 10 more Veletarii.,10,"[{""id"":""additional-veletaris-storm-veletarii-option"",""name"":""Additional Veletarii"",""description"":""Add one Veletarii to the unit"",""points"":8}]",8,,veletarii-model,,,model-count
veletarii-prime-weapon-upgrade,Veletarii Prime Weapon Upgrade,The Veletarii Prime can replace their Volkite Charger with a Laspistol and Charnabal Tabar.,1,"[{""id"":""veletarii-prime-charnabal-laspistol-option"",""name"":""Charnabal Tabar and Laspistol"",""description"":""Replace Volkite Charger with Charnabal Tabar and Laspistol"",""points"":0,""weaponReplacements"":[{""replaceWeapon"":""volkite-charger"",""addWeapon"":""charnabal-tabar""},{""replaceWeapon"":""volkite-charger"",""addWeapon"":""laspistol""}]}]",,,,,veletarii-prime-model,weapon
veletarii-prime-tabar-upgrade,Veletarii Prime Tabar Upgrade,The Veletarii Prime can replace their Charnabal Tabar with different melee weapons.,1,"[{""id"":""veletarii-prime-power-sword-option"",""name"":""Power Sword"",""description"":""Replace Charnabal Tabar with a Power Sword"",""points"":5,""weaponReplacements"":[{""replaceWeapon"":""charnabal-tabar"",""addWeapon"":""power-sword""}]},{""id"":""veletarii-prime-power-fist-option"",""name"":""Power Fist"",""description"":""Replace Charnabal Tabar with a Power Fist"",""points"":10,""weaponReplacements"":[{""replaceWeapon"":""charnabal-tabar"",""addWeapon"":""power-fist""}]}]",,veletarii-prime-weapon-upgrade,,,veletarii-prime-model,weapon
veletarii-prime-pistol-upgrade,Veletarii Prime Pistol Upgrade,The Veletarii Prime can replace their Laspistol with different pistol weapons.,1,"[{""id"":""veletarii-prime-blast-pistol-option"",""name"":""Blast Pistol"",""description"":""Replace Laspistol with a Blast Pistol"",""points"":3,""replaceWeapon"":""laspistol"",""addWeapon"":""blast-pistol""},{""id"":""veletarii-prime-needle-pistol-option"",""name"":""Needle Pistol"",""description"":""Replace Laspistol with a Needle Pistol"",""points"":5,""replaceWeapon"":""laspistol"",""addWeapon"":""needle-pistol""},{""id"":""veletarii-prime-volkite-serpenta-option"",""name"":""Volkite Serpenta"",""description"":""Replace Laspistol with a Volkite Serpenta"",""points"":5,""replaceWeapon"":""laspistol"",""addWeapon"":""volkite-serpenta""},{""id"":""veletarii-prime-hand-flamer-option"",""name"":""Hand Flamer"",""description"":""Replace Laspistol with a Hand Flamer"",""points"":5,""replaceWeapon"":""laspistol"",""addWeapon"":""hand-flamer""},{""id"":""veletarii-prime-plasma-pistol-option"",""name"":""Plasma Pistol"",""description"":""Replace Laspistol with a Plasma Pistol"",""points"":5,""replaceWeapon"":""laspistol"",""addWeapon"":""plasma-pistol""}]",,veletarii-prime-weapon-upgrade,,,veletarii-prime-model,weapon
veletaris-storm-vox-upgrade,Veletaris Storm Vox Upgrade,One Veletarii in the unit may have a Vox Interlock for enhanced communications.,1,"[{""id"":""veletaris-storm-vox-option"",""name"":""Vox Interlock"",""description"":""Add a Vox Interlock to one Veletarii"",""points"":5,""addWargear"":""vox-interlock""}]",,,,,veletarii-model,wargear
veletaris-storm-vexilla-upgrade,Veletaris Storm Vexilla Upgrade,One Veletarii in the unit may carry an Auxilia Vexilla banner.,1,"[{""id"":""veletaris-storm-auxilia-vexilla-option"",""name"":""Auxilia Vexilla"",""description"":""Add an Auxilia Vexilla to one Veletarii"",""points"":5,""addWargear"":""auxilia-vexilla""}]",,,,,veletarii-model,wargear
additional-veletaris-vanguard-veletarii-upgrade,Additional Veletaris Vanguard Veletarii,The unit can include up to 10 more Veletarii.,10,"[{""id"":""additional-veletaris-vanguard-veletarii-option"",""name"":""Additional Veletarii"",""description"":""Add one Veletarii to the unit"",""points"":9}]",9,,veletarii-vanguard-model,,,model-count
veletarii-vanguard-prime-weapon-upgrade,Veletarii Vanguard Prime Weapon Upgrade,The Veletarii Vanguard Prime can replace their Heavy Flamer with a Laspistol and Charnabal Tabar.,1,"[{""id"":""veletarii-vanguard-prime-charnabal-laspistol-option"",""name"":""Charnabal Tabar and Laspistol"",""description"":""Replace Heavy Flamer with Charnabal Tabar and Laspistol"",""points"":0,""weaponReplacements"":[{""replaceWeapon"":""heavy-flamer"",""addWeapon"":""charnabal-tabar""},{""replaceWeapon"":""heavy-flamer"",""addWeapon"":""laspistol""}]}]",,,,,veletarii-vanguard-prime-model,weapon
veletarii-vanguard-prime-tabar-upgrade,Veletarii Vanguard Prime Tabar Upgrade,The Veletarii Vanguard Prime can replace their Charnabal Tabar with different melee weapons.,1,"[{""id"":""veletarii-vanguard-prime-power-sword-option"",""name"":""Power Sword"",""description"":""Replace Charnabal Tabar with a Power Sword"",""points"":5,""weaponReplacements"":[{""replaceWeapon"":""charnabal-tabar"",""addWeapon"":""power-sword""}]},{""id"":""veletarii-vanguard-prime-power-fist-option"",""name"":""Power Fist"",""description"":""Replace Charnabal Tabar with a Power Fist"",""points"":10,""weaponReplacements"":[{""replaceWeapon"":""charnabal-tabar"",""addWeapon"":""power-fist""}]}]",,veletarii-vanguard-prime-weapon-upgrade,,,veletarii-vanguard-prime-model,weapon
veletarii-vanguard-prime-pistol-upgrade,Veletarii Vanguard Prime Pistol Upgrade,The Veletarii Vanguard Prime can replace their Laspistol with different pistol weapons.,1,"[{""id"":""veletarii-vanguard-prime-blast-pistol-option"",""name"":""Blast Pistol"",""description"":""Replace Laspistol with a Blast Pistol"",""points"":3,""replaceWeapon"":""laspistol"",""addWeapon"":""blast-pistol""},{""id"":""veletarii-vanguard-prime-needle-pistol-option"",""name"":""Needle Pistol"",""description"":""Replace Laspistol with a Needle Pistol"",""points"":5,""replaceWeapon"":""laspistol"",""addWeapon"":""needle-pistol""},{""id"":""veletarii-vanguard-prime-volkite-serpenta-option"",""name"":""Volkite Serpenta"",""description"":""Replace Laspistol with a Volkite Serpenta"",""points"":5,""replaceWeapon"":""laspistol"",""addWeapon"":""volkite-serpenta""},{""id"":""veletarii-vanguard-prime-hand-flamer-option"",""name"":""Hand Flamer"",""description"":""Replace Laspistol with a Hand Flamer"",""points"":5,""replaceWeapon"":""laspistol"",""addWeapon"":""hand-flamer""},{""id"":""veletarii-vanguard-prime-plasma-pistol-option"",""name"":""Plasma Pistol"",""description"":""Replace Laspistol with a Plasma Pistol"",""points"":5,""replaceWeapon"":""laspistol"",""addWeapon"":""plasma-pistol""}]",,veletarii-vanguard-prime-weapon-upgrade,,,veletarii-vanguard-prime-model,weapon
veletaris-vanguard-vox-upgrade,Veletaris Vanguard Vox Upgrade,One Veletarii in the unit may have a Vox Interlock for enhanced communications.,1,"[{""id"":""veletaris-vanguard-vox-option"",""name"":""Vox Interlock"",""description"":""Add a Vox Interlock to one Veletarii"",""points"":5,""addWargear"":""vox-interlock""}]",,,,,veletarii-vanguard-model,wargear
veletaris-vanguard-vexilla-upgrade,Veletaris Vanguard Vexilla Upgrade,One Veletarii in the unit may carry an Auxilia Vexilla banner.,1,"[{""id"":""veletaris-vanguard-auxilia-vexilla-option"",""name"":""Auxilia Vexilla"",""description"":""Add an Auxilia Vexilla to one Veletarii"",""points"":5,""addWargear"":""auxilia-vexilla""}]",,,,,veletarii-vanguard-model,wargear
additional-charonite-ogryn-upgrade,Additional Charonite Ogryn,The unit can include up to 6 more Charonite Ogryns.,6,"[{""id"":""additional-charonite-ogryn-option"",""name"":""Additional Charonite Ogryn"",""description"":""Add one Charonite Ogryn to the unit"",""points"":40}]",40,,charonite-ogryn-model,,,model-count
additional-auxiliaries-upgrade,Additional Auxiliaries,The unit can include up to 10 more Auxiliaries.,10,"[{""id"":""additional-auxiliaries-option"",""name"":""Additional Auxiliary"",""description"":""Add one Auxiliary to the unit"",""points"":4}]",4,,auxiliary-model,,,model-count
auxilia-sergeant-weapon-upgrade,Auxilia Sergeant Weapon Upgrade,The Auxilia Sergeant can replace their Lasrifle with a Laspistol and Charnabal Sabre.,1,"[{""id"":""auxilia-sergeant-charnabal-laspistol-option"",""name"":""Charnabal Sabre and Laspistol"",""description"":""Replace Lasrifle with Charnabal Sabre and Laspistol"",""points"":0,""weaponReplacements"":[{""replaceWeapon"":""lasrifle"",""addWeapon"":""charnabal-sabre""},{""replaceWeapon"":""lasrifle"",""addWeapon"":""laspistol""}]}]",,,,,auxilia-sergeant-model,weapon
auxilia-sergeant-pistol-upgrade,Auxilia Sergeant Pistol Upgrade,The Auxilia Sergeant can replace their Lasrifle with a different pistol weapon.,1,"[{""id"":""auxilia-sergeant-blast-pistol-option"",""name"":""Blast Pistol"",""description"":""Replace Lasrifle with a Blast Pistol"",""points"":3,""replaceWeapon"":""lasrifle"",""addWeapon"":""blast-pistol""},{""id"":""auxilia-sergeant-needle-pistol-option"",""name"":""Needle Pistol"",""description"":""Replace Lasrifle with a Needle Pistol"",""points"":5,""replaceWeapon"":""lasrifle"",""addWeapon"":""needle-pistol""},{""id"":""auxilia-sergeant-volkite-serpenta-option"",""name"":""Volkite Serpenta"",""description"":""Replace Lasrifle with a Volkite Serpenta"",""points"":5,""replaceWeapon"":""lasrifle"",""addWeapon"":""volkite-serpenta""},{""id"":""auxilia-sergeant-hand-flamer-option"",""name"":""Hand Flamer"",""description"":""Replace Lasrifle with a Hand Flamer"",""points"":5,""replaceWeapon"":""lasrifle"",""addWeapon"":""hand-flamer""},{""id"":""auxilia-sergeant-plasma-pistol-option"",""name"":""Plasma Pistol"",""description"":""Replace Lasrifle with a Plasma Pistol"",""points"":5,""replaceWeapon"":""lasrifle"",""addWeapon"":""plasma-pistol""}]",,,,,auxilia-sergeant-model,weapon
auxilia-sergeant-bayonet-upgrade,Auxilia Sergeant Bayonet Upgrade,The Auxilia Sergeant can add a bayonet for close combat.,1,"[{""id"":""auxilia-sergeant-bayonet-option"",""name"":""Bayonet"",""description"":""Add a bayonet to the Auxilia Sergeant"",""points"":1,""addWeapon"":""bayonet""}]",,,,,auxilia-sergeant-model,weapon
auxilia-sergeant-blast-charger-upgrade,Auxilia Sergeant Blast Charger Upgrade,The Auxilia Sergeant can add a blast charger for enhanced firepower.,1,"[{""id"":""auxilia-sergeant-blast-charger-option"",""name"":""Blast Charger"",""description"":""Add a blast charger to the Auxilia Sergeant"",""points"":1,""addWeapon"":""blast-charger""}]",,,,,auxilia-sergeant-model,weapon
auxilia-sergeant-melta-bomb-upgrade,Auxilia Sergeant Melta Bomb Upgrade,The Auxilia Sergeant can carry a melta bomb for anti-armor capability.,1,"[{""id"":""auxilia-sergeant-melta-bomb-option"",""name"":""Melta Bomb"",""description"":""Add a melta bomb to the Auxilia Sergeant"",""points"":10,""addWeapon"":""melta-bomb""}]",,,,,auxilia-sergeant-model,weapon
auxiliary-bayonet-upgrade,Auxiliary Bayonet Upgrade,Any Auxiliary with a Lasrifle can add a bayonet for close combat.,dependent,"[{""id"":""auxiliary-bayonet-option"",""name"":""Bayonet"",""description"":""Add a bayonet to an Auxiliary"",""points"":1,""addWeapon"":""bayonet""}]",,,,,auxiliary-model,weapon
auxiliary-blast-charger-upgrade,Auxiliary Blast Charger Upgrade,Any Auxiliary with a Lasrifle can add a blast charger for enhanced firepower.,dependent,"[{""id"":""auxiliary-blast-charger-option"",""name"":""Blast Charger"",""description"":""Add a blast charger to an Auxiliary"",""points"":1,""addWeapon"":""blast-charger""}]",,,,,auxiliary-model,weapon
auxiliary-vox-upgrade,Auxiliary Vox Upgrade,One Auxiliary in the unit may have a Vox Interlock for enhanced communications.,1,"[{""id"":""auxiliary-vox-option"",""name"":""Vox Interlock"",""description"":""Add a Vox Interlock to one Auxiliary"",""points"":5,""addWargear"":""vox-interlock""}]",,,,,auxiliary-model,wargear
auxiliary-vexilla-upgrade,Auxiliary Vexilla Upgrade,One Auxiliary in the unit may carry an Auxilia Vexilla banner.,1,"[{""id"":""auxiliary-vexilla-option"",""name"":""Auxilia Vexilla"",""description"":""Add an Auxilia Vexilla to one Auxiliary"",""points"":5,""addWargear"":""auxilia-vexilla""}]",,,,,auxiliary-model,wargear
additional-hermes-veletaris-sentinels-upgrade,Additional Hermes Veletaris Sentinels,The unit can include up to 4 additional Hermes Veletaris Sentinels.,4,"[{""id"":""additional-hermes-veletaris-sentinel-option"",""name"":""Additional Hermes Veletaris Sentinel"",""description"":""Add one Hermes Veletaris Sentinel to the unit"",""points"":20}]",20,,hermes-veletaris-sentinel-model,,,model-count
hermes-veletaris-sentinel-weapon-upgrade,Hermes Veletaris Sentinel Weapon Upgrade,Any Hermes Veletaris Sentinel can replace their Volkite Caliver with a Heavy Flamer.,dependent,"[{""id"":""hermes-veletaris-sentinel-heavy-flamer-option"",""name"":""Heavy Flamer"",""description"":""Replace Volkite Caliver with a Heavy Flamer"",""points"":0,""replaceWeapon"":""volkite-caliver"",""addWeapon"":""heavy-flamer""}]",,,,,hermes-veletaris-sentinel-model,weapon
basilisk-pintle-weapon-upgrade,Basilisk Pintle Weapon Upgrade,Add pintle-mounted weapons to the vehicle,1,"[{""id"":""basilisk-pintle-heavy-stubber-option"",""name"":""Pintle Heavy Stubber"",""description"":""Add a pintle-mounted Heavy Stubber"",""points"":5,""addWeapon"":""heavy-stubber""},{""id"":""basilisk-pintle-heavy-flamer-option"",""name"":""Pintle Heavy Flamer"",""description"":""Add a pintle-mounted Heavy Flamer"",""points"":10,""addWeapon"":""heavy-flamer""},{""id"":""basilisk-pintle-multi-laser-option"",""name"":""Pintle Multi-Laser"",""description"":""Add a pintle-mounted Multi-Laser"",""points"":10,""addWeapon"":""multi-laser""}]",,,,,basilisk-model,weapon
basilisk-hunter-killer-missile-upgrade,Basilisk Hunter-Killer Missile Upgrade,Add a Hunter-Killer Missile to the vehicle,1,"[{""id"":""basilisk-hunter-killer-missile-option"",""name"":""Hunter-Killer Missile"",""description"":""Add a turret-mounted Hunter-Killer Missile"",""points"":5,""addWeapon"":""hunter-killer-missile""}]",,,,,basilisk-model,weapon
basilisk-dozer-blade-upgrade,Basilisk Dozer Blade Upgrade,Add a Dozer Blade to the vehicle,1,"[{""id"":""basilisk-dozer-blade-option"",""name"":""Dozer Blade"",""description"":""Add a Dozer Blade to the vehicle"",""points"":5,""addWargear"":""dozer-blade""}]",,,,,basilisk-model,wargear
basilisk-searchlight-upgrade,Basilisk Searchlight Upgrade,Add a Searchlight to the vehicle,1,"[{""id"":""basilisk-searchlight-option"",""name"":""Searchlight"",""description"":""Add a Searchlight to the vehicle"",""points"":5,""addWargear"":""searchlight""}]",,,,,basilisk-model,wargear
medusa-pintle-weapon-upgrade,Medusa Pintle Weapon Upgrade,Add pintle-mounted weapons to the vehicle,1,"[{""id"":""medusa-pintle-heavy-stubber-option"",""name"":""Pintle Heavy Stubber"",""description"":""Add a pintle-mounted Heavy Stubber"",""points"":5,""addWeapon"":""heavy-stubber""},{""id"":""medusa-pintle-heavy-flamer-option"",""name"":""Pintle Heavy Flamer"",""description"":""Add a pintle-mounted Heavy Flamer"",""points"":10,""addWeapon"":""heavy-flamer""},{""id"":""medusa-pintle-multi-laser-option"",""name"":""Pintle Multi-Laser"",""description"":""Add a pintle-mounted Multi-Laser"",""points"":10,""addWeapon"":""multi-laser""}]",,,,,medusa-model,weapon
medusa-hunter-killer-missile-upgrade,Medusa Hunter-Killer Missile Upgrade,Add a Hunter-Killer Missile to the vehicle,1,"[{""id"":""medusa-hunter-killer-missile-option"",""name"":""Hunter-Killer Missile"",""description"":""Add a turret-mounted Hunter-Killer Missile"",""points"":5,""addWeapon"":""hunter-killer-missile""}]",,,,,medusa-model,weapon
medusa-dozer-blade-upgrade,Medusa Dozer Blade Upgrade,Add a Dozer Blade to the vehicle,1,"[{""id"":""medusa-dozer-blade-option"",""name"":""Dozer Blade"",""description"":""Add a Dozer Blade to the vehicle"",""points"":5,""addWargear"":""dozer-blade""}]",,,,,medusa-model,wargear
medusa-searchlight-upgrade,Medusa Searchlight Upgrade,Add a Searchlight to the vehicle,1,"[{""id"":""medusa-searchlight-option"",""name"":""Searchlight"",""description"":""Add a Searchlight to the vehicle"",""points"":5,""addWargear"":""searchlight""}]",,,,,medusa-model,wargear
additional-rapier-crews-upgrade,Additional Rapier Crews,The unit can include up to 2 additional rapier crews (each crew consists of 1 Rapier Gunner and 1 Rapier Carrier).,2,"[{""id"":""additional-rapier-crew-option"",""name"":""Additional Rapier Crew"",""description"":""Add one Rapier Gunner and one Rapier Carrier to the unit"",""points"":30}]",30,,,"{""rapier-gunner-model"":1,""rapier-carrier-model"":1}",,model-group-count
rapier-carrier-weapon-upgrade,Rapier Carrier Weapon Upgrade,Any Rapier Carrier can replace their Gravis Multi-Laser Battery with different weapon options.,dependent,"[{""id"":""rapier-carrier-gravis-heavy-bolter-battery-option"",""name"":""Gravis Heavy Bolter Battery"",""description"":""Replace Gravis Multi-Laser Battery with a Gravis Heavy Bolter Battery"",""points"":5,""replaceWeapon"":""gravis-multi-laser-battery"",""addWeapon"":""gravis-heavy-bolter-battery""},{""id"":""rapier-carrier-laser-destroyer-option"",""name"":""Laser Destroyer"",""description"":""Replace Gravis Multi-Laser Battery with a Laser Destroyer"",""points"":25,""replaceWeapon"":""gravis-multi-laser-battery"",""addWeapon"":""laser-destroyer""},{""id"":""rapier-carrier-quad-launcher-option"",""name"":""Quad Launcher"",""description"":""Replace Gravis Multi-Laser Battery with a Quad Launcher"",""points"":20,""replaceWeapon"":""gravis-multi-laser-battery"",""addWeapon"":""quad-launcher""}]",,,,,rapier-carrier-model,weapon
additional-aethon-heavy-sentinels-upgrade,Additional Aethon Heavy Sentinels,The unit can include up to 2 additional Aethon Heavy Sentinel models.,2,"[{""id"":""additional-aethon-heavy-sentinel-option"",""name"":""Additional Aethon Heavy Sentinel"",""description"":""Add one Aethon Heavy Sentinel to the unit"",""points"":60}]",,,aethon-heavy-sentinel-model,,,model-count
aethon-heavy-sentinel-multi-laser-upgrade,Aethon Heavy Sentinel Multi-Laser Upgrade,Any Aethon Heavy Sentinel can replace their Multi-Laser with different weapon options.,dependent,"[{""id"":""aethon-heavy-sentinel-autocannon-option"",""name"":""Autocannon"",""description"":""Replace Multi-Laser with an Autocannon"",""points"":10,""replaceWeapon"":""multi-laser"",""addWeapon"":""autocannon""},{""id"":""aethon-heavy-sentinel-volkite-culverin-option"",""name"":""Volkite Culverin"",""description"":""Replace Multi-Laser with a Volkite Culverin"",""points"":7,""replaceWeapon"":""multi-laser"",""addWeapon"":""volkite-culverin""},{""id"":""aethon-heavy-sentinel-lascannon-option"",""name"":""Lascannon"",""description"":""Replace Multi-Laser with a Lascannon"",""points"":15,""replaceWeapon"":""multi-laser"",""addWeapon"":""lascannon""},{""id"":""aethon-heavy-sentinel-heavy-incinerator-option"",""name"":""Heavy Incinerator"",""description"":""Replace Multi-Laser with a Heavy Incinerator"",""points"":10,""replaceWeapon"":""multi-laser"",""addWeapon"":""heavy-incinerator""},{""id"":""aethon-heavy-sentinel-melta-lance-option"",""name"":""Melta Lance"",""description"":""Replace Multi-Laser with a Melta Lance"",""points"":20,""replaceWeapon"":""multi-laser"",""addWeapon"":""melta-lance""}]",,,,,aethon-heavy-sentinel-model,weapon
aethon-heavy-sentinel-missile-battery-upgrade,Aethon Heavy Sentinel Missile Battery Upgrade,Any Aethon Heavy Sentinel can replace their Aethon Missile Battery with different weapon options.,dependent,"[{""id"":""aethon-heavy-sentinel-hunter-killer-missile-battery-option"",""name"":""Hunter-Killer Missile Battery"",""description"":""Replace Aethon Missile Battery with a Hunter-Killer Missile Battery"",""points"":15,""replaceWeapon"":""aethon-missile-battery"",""addWeapon"":""hunter-killer-missile-battery""}]",,,,,aethon-heavy-sentinel-model,weapon
arvus-lighter-hull-weapon-upgrade,Arvus Lighter Hull Weapon Upgrade,The Arvus Lighter can be equipped with a Hull (Rear) mounted weapon.,1,"[{""id"":""arvus-lighter-multi-laser-option"",""name"":""Multi-Laser"",""description"":""Add a Hull (Rear) mounted Multi-Laser to the vehicle"",""points"":10,""addWeapon"":""multi-laser""}]",,,,,arvus-lighter-model,weapon
arvus-lighter-wargear-upgrade,Arvus Lighter Wargear Upgrade,The Arvus Lighter can be equipped with additional wargear options.,1,"[{""id"":""arvus-lighter-flare-launchers-option"",""name"":""Flare Launchers"",""description"":""Add Flare Launchers to the vehicle"",""points"":5,""addWargear"":""flare-launchers""}]",,,,,arvus-lighter-model,wargear
dracosan-hull-weapon-upgrade,Dracosan Hull Weapon Upgrade,The Dracosan can replace its Twin Lascannon with different hull-mounted weapons.,1,"[{""id"":""dracosan-demolisher-cannon-option"",""name"":""Demolisher Cannon"",""description"":""Replace Twin Lascannon with a Demolisher Cannon"",""points"":35,""replaceWeapon"":""twin-lascannon"",""addWeapon"":""demolisher-cannon""}]",,,,,dracosan-model,weapon
dracosan-pintle-weapon-upgrade,Dracosan Pintle Weapon Upgrade,The Dracosan can be equipped with pintle-mounted weapons.,1,"[{""id"":""dracosan-heavy-stubber-option"",""name"":""Heavy Stubber"",""description"":""Add a Heavy Stubber to the vehicle"",""points"":5,""addWeapon"":""heavy-stubber""},{""id"":""dracosan-heavy-flamer-option"",""name"":""Heavy Flamer"",""description"":""Add a Heavy Flamer to the vehicle"",""points"":10,""addWeapon"":""heavy-flamer""},{""id"":""dracosan-multi-laser-option"",""name"":""Multi-Laser"",""description"":""Add a Multi-Laser to the vehicle"",""points"":10,""addWeapon"":""multi-laser""}]",,,,,dracosan-model,weapon
dracosan-hunter-killer-missile-upgrade,Dracosan Hunter-Killer Missile Upgrade,The Dracosan can be equipped with up to 2 Hull (Front) mounted Hunter-Killer Missiles.,2,"[{""id"":""dracosan-hunter-killer-missile-option"",""name"":""Hunter-Killer Missile"",""description"":""Add a Hull (Front) mounted Hunter-Killer Missile to the vehicle"",""points"":5,""addWeapon"":""hunter-killer-missile""}]",,,,,dracosan-model,weapon
dracosan-wargear-upgrade,Dracosan Wargear Upgrade,The Dracosan can be equipped with various wargear options.,1,"[{""id"":""dracosan-searchlight-option"",""name"":""Searchlight"",""description"":""Add a Searchlight to the vehicle"",""points"":5,""addWargear"":""searchlight""},{""id"":""dracosan-dozer-blade-option"",""name"":""Dozer Blade"",""description"":""Add a Dozer Blade to the vehicle"",""points"":5,""addWargear"":""dozer-blade""},{""id"":""dracosan-flare-shield-option"",""name"":""Flare Shield"",""description"":""Add a Flare Shield to the vehicle"",""points"":20,""addWargear"":""flare-shield""}]",,,,,dracosan-model,wargear
additional-hermes-light-sentinels-upgrade,Additional Hermes Light Sentinels,The unit can include up to 4 additional Hermes Light Sentinel models.,4,"[{""id"":""additional-hermes-light-sentinel-option"",""name"":""Additional Hermes Light Sentinel"",""description"":""Add one Hermes Light Sentinel to the unit"",""points"":16}]",,,hermes-light-sentinel-model,,,model-count
hermes-light-sentinel-weapon-upgrade,Hermes Light Sentinel Weapon Upgrade,Any Hermes Light Sentinel can replace their Multi-Laser with different weapon options.,dependent,"[{""id"":""hermes-light-sentinel-grenade-launcher-option"",""name"":""Hermes Grenade Launcher"",""description"":""Replace Multi-Laser with a Hermes Grenade Launcher"",""points"":5,""replaceWeapon"":""multi-laser"",""addWeapon"":""hermes-grenade-launcher""}]",,,,,hermes-light-sentinel-model,weapon
malcador-turret-weapon-upgrade,Malcador Turret Weapon Upgrade,The Malcador can replace its Battlecannon with different turret-mounted weapons.,1,"[{""id"":""malcador-twin-lascannon-option"",""name"":""Twin Lascannon"",""description"":""Replace Battlecannon with a Twin Lascannon"",""points"":0,""replaceWeapon"":""battlecannon"",""addWeapon"":{""id"":""twin-lascannon"",""mount"":""Hull (Front) Mounted""}},{""id"":""malcador-vanquisher-cannon-option"",""name"":""Vanquisher Cannon"",""description"":""Replace Battlecannon with a Vanquisher Cannon"",""points"":10,""replaceWeapon"":""battlecannon"",""addWeapon"":{""id"":""vanquisher-cannon"",""mount"":""Hull (Front) Mounted""}}]",,,,,malcador-model,weapon
malcador-hull-weapon-upgrade,Malcador Hull Weapon Upgrade,The Malcador can replace its Heavy Bolter with different hull-mounted weapons.,1,"[{""id"":""malcador-demolisher-cannon-option"",""name"":""Demolisher Cannon"",""description"":""Replace Heavy Bolter with a Demolisher Cannon"",""points"":0,""replaceWeapon"":""heavy-bolter"",""addWeapon"":{""id"":""demolisher-cannon"",""mount"":""Hull (Front) Mounted""}},{""id"":""malcador-autocannon-option"",""name"":""Autocannon"",""description"":""Replace Heavy Bolter with an Autocannon"",""points"":0,""replaceWeapon"":""heavy-bolter"",""addWeapon"":{""id"":""autocannon"",""mount"":""Hull (Front) Mounted""}},{""id"":""malcador-lascannon-option"",""name"":""Lascannon"",""description"":""Replace Heavy Bolter with a Lascannon"",""points"":0,""replaceWeapon"":""heavy-bolter"",""addWeapon"":{""id"":""lascannon"",""mount"":""Hull (Front) Mounted""}},{""id"":""malcador-heavy-flamer-option"",""name"":""Heavy Flamer"",""description"":""Replace Heavy Bolter with a Heavy Flamer"",""points"":0,""replaceWeapon"":""heavy-bolter"",""addWeapon"":{""id"":""heavy-flamer"",""mount"":""Hull (Front) Mounted""}},{""id"":""malcador-multi-laser-option"",""name"":""Multi-Laser"",""description"":""Replace Heavy Bolter with a Multi-Laser"",""points"":0,""replaceWeapon"":""heavy-bolter"",""addWeapon"":{""id"":""multi-laser"",""mount"":""Hull (Front) Mounted""}}]",,,,,malcador-model,weapon
malcador-pintle-weapon-upgrade,Malcador Pintle Weapon Upgrade,The Malcador can be equipped with pintle-mounted weapons.,1,"[{""id"":""malcador-heavy-stubber-option"",""name"":""Heavy Stubber"",""description"":""Add a Heavy Stubber to the vehicle"",""points"":5,""addWeapon"":{""id"":""heavy-stubber"",""mount"":""Pintle Mounted""}},{""id"":""malcador-heavy-flamer-option"",""name"":""Heavy Flamer"",""description"":""Add a Heavy Flamer to the vehicle"",""points"":10,""addWeapon"":{""id"":""heavy-flamer"",""mount"":""Pintle Mounted""}},{""id"":""malcador-multi-laser-option"",""name"":""Multi-Laser"",""description"":""Add a Multi-Laser to the vehicle"",""points"":10,""addWeapon"":{""id"":""multi-laser"",""mount"":""Pintle Mounted""}}]",,,,,malcador-model,weapon
malcador-wargear-upgrade,Malcador Wargear Upgrade,The Malcador can be equipped with various wargear options.,1,"[{""id"":""malcador-hunter-killer-missile-option"",""name"":""Hunter-Killer Missile"",""description"":""Add a Hull (Front) mounted Hunter-Killer Missile to the vehicle"",""points"":5,""addWeapon"":{""id"":""hunter-killer-missile"",""mount"":""Hull (Front) Mounted""}},{""id"":""malcador-searchlight-option"",""name"":""Searchlight"",""description"":""Add a Searchlight to the vehicle"",""points"":5,""addWargear"":""searchlight""},{""id"":""malcador-dozer-blade-option"",""name"":""Dozer Blade"",""description"":""Add a Dozer Blade to the vehicle"",""points"":5,""addWargear"":""dozer-blade""},{""id"":""malcador-flare-shield-option"",""name"":""Flare Shield"",""description"":""Add a Flare Shield to the vehicle"",""points"":20,""addWargear"":""flare-shield""}]",,,,,malcador-model,wargear
malcador-sponson-weapon-upgrade,Malcador Sponson Weapon Upgrade,The Malcador can replace its Sponson Multi-lasers with different sponson-mounted weapons.,1,"[{""id"":""malcador-sponson-heavy-bolter-option"",""name"":""Heavy Bolter"",""description"":""Replace Sponson Multi-lasers with Heavy Bolters"",""points"":0,""replaceWeapon"":""multi-laser"",""addWeapon"":{""id"":""heavy-bolter"",""mount"":""Sponson Mounted"",""count"":2}},{""id"":""malcador-sponson-heavy-flamer-option"",""name"":""Heavy Flamer"",""description"":""Replace Sponson Multi-lasers with Heavy Flamers"",""points"":0,""replaceWeapon"":""multi-laser"",""addWeapon"":{""id"":""heavy-flamer"",""mount"":""Sponson Mounted"",""count"":2}},{""id"":""malcador-sponson-autocannon-option"",""name"":""Autocannon"",""description"":""Replace Sponson Multi-lasers with Autocannons"",""points"":10,""replaceWeapon"":""multi-laser"",""addWeapon"":{""id"":""autocannon"",""mount"":""Sponson Mounted"",""count"":2}},{""id"":""malcador-sponson-lascannon-option"",""name"":""Lascannon"",""description"":""Replace Sponson Multi-lasers with Lascannons"",""points"":20,""replaceWeapon"":""multi-laser"",""addWeapon"":{""id"":""lascannon"",""mount"":""Sponson Mounted"",""count"":2}}]",,,,,malcador-model,weapon
leman-russ-assault-turret-weapon-upgrade,Leman Russ Assault Turret Weapon Upgrade,The Leman Russ Assault Tank can replace its Volkite Macro-saker with different turret-mounted weapons.,1,"[{""id"":""leman-russ-assault-executioner-plasma-destroyer-option"",""name"":""Executioner Plasma Destroyer"",""description"":""Replace Volkite Macro-saker with Executioner Plasma Destroyer"",""points"":25,""replaceWeapon"":""volkite-macro-saker"",""addWeapon"":{""id"":""executioner-plasma-destroyer"",""mount"":""Turret Mounted""}},{""id"":""leman-russ-assault-demolisher-cannon-option"",""name"":""Demolisher Cannon"",""description"":""Replace Volkite Macro-saker with Demolisher Cannon"",""points"":30,""replaceWeapon"":""volkite-macro-saker"",""addWeapon"":{""id"":""demolisher-cannon"",""mount"":""Turret Mounted""}}]",,,,,leman-russ-assault-model,weapon
leman-russ-assault-hull-weapon-upgrade,Leman Russ Assault Hull Weapon Upgrade,The Leman Russ Assault Tank can replace its Hull Heavy Bolter with different hull-mounted weapons.,1,"[{""id"":""leman-russ-assault-hull-heavy-flamer-option"",""name"":""Heavy Flamer"",""description"":""Replace Hull Heavy Bolter with Heavy Flamer"",""points"":0,""replaceWeapon"":""heavy-bolter"",""addWeapon"":{""id"":""heavy-flamer"",""mount"":""Hull (Front) Mounted""}},{""id"":""leman-russ-assault-hull-multi-laser-option"",""name"":""Multi-Laser"",""description"":""Replace Hull Heavy Bolter with Multi-Laser"",""points"":0,""replaceWeapon"":""heavy-bolter"",""addWeapon"":{""id"":""multi-laser"",""mount"":""Hull (Front) Mounted""}},{""id"":""leman-russ-assault-hull-autocannon-option"",""name"":""Autocannon"",""description"":""Replace Hull Heavy Bolter with Autocannon"",""points"":5,""replaceWeapon"":""heavy-bolter"",""addWeapon"":{""id"":""autocannon"",""mount"":""Hull (Front) Mounted""}},{""id"":""leman-russ-assault-hull-lascannon-option"",""name"":""Lascannon"",""description"":""Replace Hull Heavy Bolter with Lascannon"",""points"":10,""replaceWeapon"":""heavy-bolter"",""addWeapon"":{""id"":""lascannon"",""mount"":""Hull (Front) Mounted""}}]",,,,,leman-russ-assault-model,weapon
leman-russ-assault-pintle-weapon-upgrade,Leman Russ Assault Pintle Weapon Upgrade,The Leman Russ Assault Tank can be equipped with pintle-mounted weapons.,1,"[{""id"":""leman-russ-assault-pintle-heavy-stubber-option"",""name"":""Heavy Stubber"",""description"":""Add a Pintle Heavy Stubber to the vehicle"",""points"":5,""addWeapon"":{""id"":""heavy-stubber"",""mount"":""Pintle Mounted""}},{""id"":""leman-russ-assault-pintle-heavy-flamer-option"",""name"":""Heavy Flamer"",""description"":""Add a Pintle Heavy Flamer to the vehicle"",""points"":10,""addWeapon"":{""id"":""heavy-flamer"",""mount"":""Pintle Mounted""}},{""id"":""leman-russ-assault-pintle-multi-laser-option"",""name"":""Multi-Laser"",""description"":""Add a Pintle Multi-Laser to the vehicle"",""points"":10,""addWeapon"":{""id"":""multi-laser"",""mount"":""Pintle Mounted""}}]",,,,,leman-russ-assault-model,weapon
leman-russ-assault-hunter-killer-missile-upgrade,Leman Russ Assault Hunter-Killer Missile Upgrade,The Leman Russ Assault Tank can be equipped with a Hunter-Killer Missile.,1,"[{""id"":""leman-russ-assault-hunter-killer-missile-option"",""name"":""Hunter-Killer Missile"",""description"":""Add a Turret mounted Hunter-Killer Missile to the vehicle"",""points"":5,""addWeapon"":{""id"":""hunter-killer-missile"",""mount"":""Turret Mounted""}}]",,,,,leman-russ-assault-model,wargear
leman-russ-assault-searchlight-upgrade,Leman Russ Assault Searchlight Upgrade,The Leman Russ Assault Tank can be equipped with a Searchlight.,1,"[{""id"":""leman-russ-assault-searchlight-option"",""name"":""Searchlight"",""description"":""Add a Searchlight to the vehicle"",""points"":5,""addWargear"":""searchlight""}]",,,,,leman-russ-assault-model,wargear
leman-russ-assault-dozer-blade-upgrade,Leman Russ Assault Dozer Blade Upgrade,The Leman Russ Assault Tank can be equipped with a Dozer Blade.,1,"[{""id"":""leman-russ-assault-dozer-blade-option"",""name"":""Dozer Blade"",""description"":""Add a Dozer Blade to the vehicle"",""points"":5,""addWargear"":""dozer-blade""}]",,,,,leman-russ-assault-model,wargear
leman-russ-strike-turret-weapon-upgrade,Leman Russ Strike Turret Weapon Upgrade,The Leman Russ Strike Tank can replace its Battle Cannon with different turret-mounted weapons.,1,"[{""id"":""leman-russ-strike-gravis-autocannon-option"",""name"":""Gravis Autocannon"",""description"":""Replace Battle Cannon with Gravis Autocannon"",""points"":0,""replaceWeapon"":""battlecannon"",""addWeapon"":{""id"":""gravis-autocannon"",""mount"":""Turret Mounted""}},{""id"":""leman-russ-strike-twin-lascannon-option"",""name"":""Twin Lascannon"",""description"":""Replace Battle Cannon with Twin Lascannon"",""points"":0,""replaceWeapon"":""battlecannon"",""addWeapon"":{""id"":""twin-lascannon"",""mount"":""Turret Mounted""}},{""id"":""leman-russ-strike-vanquisher-cannon-option"",""name"":""Vanquisher Cannon"",""description"":""Replace Battle Cannon with Vanquisher Cannon and Coaxial Heavy Stubber"",""points"":10,""replaceWeapon"":""battlecannon"",""addWeapon"":{""id"":""vanquisher-cannon"",""mount"":""Turret Mounted""},""addWargear"":""coaxial-heavy-stubber""}]",,,,,leman-russ-strike-model,weapon
leman-russ-strike-hull-weapon-upgrade,Leman Russ Strike Hull Weapon Upgrade,The Leman Russ Strike Tank can replace its Hull Heavy Bolter with different hull-mounted weapons.,1,"[{""id"":""leman-russ-strike-hull-heavy-flamer-option"",""name"":""Heavy Flamer"",""description"":""Replace Hull Heavy Bolter with Heavy Flamer"",""points"":0,""replaceWeapon"":""heavy-bolter"",""addWeapon"":{""id"":""heavy-flamer"",""mount"":""Hull (Front) Mounted""}},{""id"":""leman-russ-strike-hull-multi-laser-option"",""name"":""Multi-Laser"",""description"":""Replace Hull Heavy Bolter with Multi-Laser"",""points"":0,""replaceWeapon"":""heavy-bolter"",""addWeapon"":{""id"":""multi-laser"",""mount"":""Hull (Front) Mounted""}},{""id"":""leman-russ-strike-hull-autocannon-option"",""name"":""Autocannon"",""description"":""Replace Hull Heavy Bolter with Autocannon"",""points"":5,""replaceWeapon"":""heavy-bolter"",""addWeapon"":{""id"":""autocannon"",""mount"":""Hull (Front) Mounted""}},{""id"":""leman-russ-strike-hull-lascannon-option"",""name"":""Lascannon"",""description"":""Replace Hull Heavy Bolter with Lascannon"",""points"":10,""replaceWeapon"":""heavy-bolter"",""addWeapon"":{""id"":""lascannon"",""mount"":""Hull (Front) Mounted""}}]",,,,,leman-russ-strike-model,weapon
leman-russ-strike-pintle-weapon-upgrade,Leman Russ Strike Pintle Weapon Upgrade,The Leman Russ Strike Tank can be equipped with pintle-mounted weapons.,1,"[{""id"":""leman-russ-strike-pintle-heavy-stubber-option"",""name"":""Heavy Stubber"",""description"":""Add a Pintle Heavy Stubber to the vehicle"",""points"":5,""addWeapon"":{""id"":""heavy-stubber"",""mount"":""Pintle Mounted""}},{""id"":""leman-russ-strike-pintle-heavy-flamer-option"",""name"":""Heavy Flamer"",""description"":""Add a Pintle Heavy Flamer to the vehicle"",""points"":10,""addWeapon"":{""id"":""heavy-flamer"",""mount"":""Pintle Mounted""}},{""id"":""leman-russ-strike-pintle-multi-laser-option"",""name"":""Multi-Laser"",""description"":""Add a Pintle Multi-Laser to the vehicle"",""points"":10,""addWeapon"":{""id"":""multi-laser"",""mount"":""Pintle Mounted""}}]",,,,,leman-russ-strike-model,weapon
leman-russ-strike-hunter-killer-missile-upgrade,Leman Russ Strike Hunter-Killer Missile Upgrade,The Leman Russ Strike Tank can be equipped with a Hunter-Killer Missile.,1,"[{""id"":""leman-russ-strike-hunter-killer-missile-option"",""name"":""Hunter-Killer Missile"",""description"":""Add a Turret mounted Hunter-Killer Missile to the vehicle"",""points"":5,""addWeapon"":{""id"":""hunter-killer-missile"",""mount"":""Turret Mounted""}}]",,,,,leman-russ-strike-model,wargear
leman-russ-strike-searchlight-upgrade,Leman Russ Strike Searchlight Upgrade,The Leman Russ Strike Tank can be equipped with a Searchlight.,1,"[{""id"":""leman-russ-strike-searchlight-option"",""name"":""Searchlight"",""description"":""Add a Searchlight to the vehicle"",""points"":5,""addWargear"":""searchlight""}]",,,,,leman-russ-strike-model,wargear
leman-russ-strike-dozer-blade-upgrade,Leman Russ Strike Dozer Blade Upgrade,The Leman Russ Strike Tank can be equipped with a Dozer Blade.,1,"[{""id"":""leman-russ-strike-dozer-blade-option"",""name"":""Dozer Blade"",""description"":""Add a Dozer Blade to the vehicle"",""points"":5,""addWargear"":""dozer-blade""}]",,,,,leman-russ-strike-model,wargear
malcador-infernus-sponson-weapon-upgrade,Malcador Infernus Sponson Weapon Upgrade,The Malcador Infernus can replace its Sponson Multi-lasers with different sponson-mounted weapons.,1,"[{""id"":""malcador-infernus-sponson-heavy-bolter-option"",""name"":""Heavy Bolter"",""description"":""Replace Sponson Multi-lasers with Heavy Bolters"",""points"":0,""replaceWeapon"":""multi-laser"",""addWeapon"":{""id"":""heavy-bolter"",""mount"":""Sponson Mounted"",""count"":2}},{""id"":""malcador-infernus-sponson-heavy-flamer-option"",""name"":""Heavy Flamer"",""description"":""Replace Sponson Multi-lasers with Heavy Flamers"",""points"":0,""replaceWeapon"":""multi-laser"",""addWeapon"":{""id"":""heavy-flamer"",""mount"":""Sponson Mounted"",""count"":2}},{""id"":""malcador-infernus-sponson-autocannon-option"",""name"":""Autocannon"",""description"":""Replace Sponson Multi-lasers with Autocannons"",""points"":10,""replaceWeapon"":""multi-laser"",""addWeapon"":{""id"":""autocannon"",""mount"":""Sponson Mounted"",""count"":2}},{""id"":""malcador-infernus-sponson-lascannon-option"",""name"":""Lascannon"",""description"":""Replace Sponson Multi-lasers with Lascannons"",""points"":20,""replaceWeapon"":""multi-laser"",""addWeapon"":{""id"":""lascannon"",""mount"":""Sponson Mounted"",""count"":2}}]",,,,,malcador-infernus-model,weapon
malcador-infernus-pintle-weapon-upgrade,Malcador Infernus Pintle Weapon Upgrade,The Malcador Infernus can be equipped with pintle-mounted weapons.,1,"[{""id"":""malcador-infernus-heavy-stubber-option"",""name"":""Heavy Stubber"",""description"":""Add a Heavy Stubber to the vehicle"",""points"":5,""addWeapon"":{""id"":""heavy-stubber"",""mount"":""Pintle Mounted""}},{""id"":""malcador-infernus-heavy-flamer-option"",""name"":""Heavy Flamer"",""description"":""Add a Heavy Flamer to the vehicle"",""points"":10,""addWeapon"":{""id"":""heavy-flamer"",""mount"":""Pintle Mounted""}},{""id"":""malcador-infernus-multi-laser-option"",""name"":""Multi-Laser"",""description"":""Add a Multi-Laser to the vehicle"",""points"":10,""addWeapon"":{""id"":""multi-laser"",""mount"":""Pintle Mounted""}}]",,,,,malcador-infernus-model,weapon
malcador-infernus-hunter-killer-missile-upgrade,Malcador Infernus Hunter-Killer Missile Upgrade,The Malcador Infernus can be equipped with a Hunter-Killer Missile.,1,"[{""id"":""malcador-infernus-hunter-killer-missile-option"",""name"":""Hunter-Killer Missile"",""description"":""Add a Hull (Front) mounted Hunter-Killer Missile to the vehicle"",""points"":5,""addWeapon"":{""id"":""hunter-killer-missile"",""mount"":""Hull (Front) Mounted""}}]",,,,,malcador-infernus-model,wargear
malcador-infernus-searchlight-upgrade,Malcador Infernus Searchlight Upgrade,The Malcador Infernus can be equipped with a Searchlight.,1,"[{""id"":""malcador-infernus-searchlight-option"",""name"":""Searchlight"",""description"":""Add a Searchlight to the vehicle"",""points"":5,""addWargear"":""searchlight""}]",,,,,malcador-infernus-model,wargear
malcador-infernus-dozer-blade-upgrade,Malcador Infernus Dozer Blade Upgrade,The Malcador Infernus can be equipped with a Dozer Blade.,1,"[{""id"":""malcador-infernus-dozer-blade-option"",""name"":""Dozer Blade"",""description"":""Add a Dozer Blade to the vehicle"",""points"":5,""addWargear"":""dozer-blade""}]",,,,,malcador-infernus-model,wargear
malcador-infernus-flare-shield-upgrade,Malcador Infernus Flare Shield Upgrade,The Malcador Infernus can be equipped with a Flare Shield.,1,"[{""id"":""malcador-infernus-flare-shield-option"",""name"":""Flare Shield"",""description"":""Add a Flare Shield to the vehicle"",""points"":20,""addWargear"":""flare-shield""}]",,,,,malcador-infernus-model,wargear
valdor-sponson-weapon-upgrade,Valdor Sponson Weapon Upgrade,The Valdor Tank Destroyer can replace its Sponson (Right) Multi-laser with different sponson-mounted weapons.,1,"[{""id"":""valdor-sponson-heavy-bolter-option"",""name"":""Heavy Bolter"",""description"":""Replace Sponson (Right) Multi-laser with Heavy Bolter"",""points"":0,""replaceWeapon"":""multi-laser"",""addWeapon"":{""id"":""heavy-bolter"",""mount"":""Sponson (Right) Mounted""}},{""id"":""valdor-sponson-heavy-flamer-option"",""name"":""Heavy Flamer"",""description"":""Replace Sponson (Right) Multi-laser with Heavy Flamer"",""points"":0,""replaceWeapon"":""multi-laser"",""addWeapon"":{""id"":""heavy-flamer"",""mount"":""Sponson (Right) Mounted""}},{""id"":""valdor-sponson-autocannon-option"",""name"":""Autocannon"",""description"":""Replace Sponson (Right) Multi-laser with Autocannon"",""points"":5,""replaceWeapon"":""multi-laser"",""addWeapon"":{""id"":""autocannon"",""mount"":""Sponson (Right) Mounted""}},{""id"":""valdor-sponson-lascannon-option"",""name"":""Lascannon"",""description"":""Replace Sponson (Right) Multi-laser with Lascannon"",""points"":10,""replaceWeapon"":""multi-laser"",""addWeapon"":{""id"":""lascannon"",""mount"":""Sponson (Right) Mounted""}}]",,,,,valdor-tank-destroyer-model,weapon
valdor-pintle-weapon-upgrade,Valdor Pintle Weapon Upgrade,The Valdor Tank Destroyer can be equipped with pintle-mounted weapons.,1,"[{""id"":""valdor-heavy-stubber-option"",""name"":""Heavy Stubber"",""description"":""Add a Heavy Stubber to the vehicle"",""points"":5,""addWeapon"":{""id"":""heavy-stubber"",""mount"":""Pintle Mounted""}},{""id"":""valdor-heavy-flamer-option"",""name"":""Heavy Flamer"",""description"":""Add a Heavy Flamer to the vehicle"",""points"":10,""addWeapon"":{""id"":""heavy-flamer"",""mount"":""Pintle Mounted""}},{""id"":""valdor-multi-laser-option"",""name"":""Multi-Laser"",""description"":""Add a Multi-Laser to the vehicle"",""points"":10,""addWeapon"":{""id"":""multi-laser"",""mount"":""Pintle Mounted""}}]",,,,,valdor-tank-destroyer-model,weapon
valdor-hunter-killer-missile-upgrade,Valdor Hunter-Killer Missile Upgrade,The Valdor Tank Destroyer can be equipped with a Hunter-Killer Missile.,1,"[{""id"":""valdor-hunter-killer-missile-option"",""name"":""Hunter-Killer Missile"",""description"":""Add a Hull (Front) mounted Hunter-Killer Missile to the vehicle"",""points"":5,""addWeapon"":{""id"":""hunter-killer-missile"",""mount"":""Hull (Front) Mounted""}}]",,,,,valdor-tank-destroyer-model,wargear
valdor-searchlight-upgrade,Valdor Searchlight Upgrade,The Valdor Tank Destroyer can be equipped with a Searchlight.,1,"[{""id"":""valdor-searchlight-option"",""name"":""Searchlight"",""description"":""Add a Searchlight to the vehicle"",""points"":5,""addWargear"":""searchlight""}]",,,,,valdor-tank-destroyer-model,wargear
valdor-dozer-blade-upgrade,Valdor Dozer Blade Upgrade,The Valdor Tank Destroyer can be equipped with a Dozer Blade.,1,"[{""id"":""valdor-dozer-blade-option"",""name"":""Dozer Blade"",""description"":""Add a Dozer Blade to the vehicle"",""points"":5,""addWargear"":""dozer-blade""}]",,,,,valdor-tank-destroyer-model,wargear
valdor-flare-shield-upgrade,Valdor Flare Shield Upgrade,The Valdor Tank Destroyer can be equipped with a Flare Shield.,1,"[{""id"":""valdor-flare-shield-option"",""name"":""Flare Shield"",""description"":""Add a Flare Shield to the vehicle"",""points"":20,""addWargear"":""flare-shield""}]",,,,,valdor-tank-destroyer-model,wargear
stormhammer-hull-front-weapon-upgrade,Stormhammer Hull (Front) Weapon Upgrade,The Stormhammer can replace its Hull (Front) Multi-laser with different weapons.,1,"[{""id"":""stormhammer-hull-front-lascannon-option"",""name"":""Lascannon"",""description"":""Replace Hull (Front) Multi-laser with Lascannon"",""points"":0,""weaponReplacements"":[{""replaceWeapon"":""multi-laser"",""replaceMount"":""Hull (Front) Mounted"",""addWeapon"":{""id"":""lascannon"",""mount"":""Hull (Front) Mounted""}}]}]",,,,,stormhammer-model,weapon
stormhammer-hull-side-weapon-upgrade,Stormhammer Hull (Side) Weapon Upgrade,The Stormhammer can replace its Hull (Left) and Hull (Right) Multi-lasers with different weapons.,1,"[{""id"":""stormhammer-hull-side-heavy-bolter-option"",""name"":""Heavy Bolter"",""description"":""Replace Hull (Left) and Hull (Right) Multi-lasers with Heavy Bolters"",""points"":0,""weaponReplacements"":[{""replaceWeapon"":""multi-laser"",""replaceMount"":""Hull (Left) Mounted"",""addWeapon"":{""id"":""heavy-bolter"",""mount"":""Hull (Left) Mounted"",""count"":3}},{""replaceWeapon"":""multi-laser"",""replaceMount"":""Hull (Right) Mounted"",""addWeapon"":{""id"":""heavy-bolter"",""mount"":""Hull (Right) Mounted"",""count"":3}}]},{""id"":""stormhammer-hull-side-heavy-flamer-option"",""name"":""Heavy Flamer"",""description"":""Replace Hull (Left) and Hull (Right) Multi-lasers with Heavy Flamers"",""points"":0,""weaponReplacements"":[{""replaceWeapon"":""multi-laser"",""replaceMount"":""Hull (Left) Mounted"",""addWeapon"":{""id"":""heavy-flamer"",""mount"":""Hull (Left) Mounted"",""count"":3}},{""replaceWeapon"":""multi-laser"",""replaceMount"":""Hull (Right) Mounted"",""addWeapon"":{""id"":""heavy-flamer"",""mount"":""Hull (Right) Mounted"",""count"":3}}]},{""id"":""stormhammer-hull-side-lascannon-option"",""name"":""Lascannon"",""description"":""Replace Hull (Left) and Hull (Right) Multi-lasers with Lascannons"",""points"":50,""weaponReplacements"":[{""replaceWeapon"":""multi-laser"",""replaceMount"":""Hull (Left) Mounted"",""addWeapon"":{""id"":""lascannon"",""mount"":""Hull (Left) Mounted"",""count"":3}},{""replaceWeapon"":""multi-laser"",""replaceMount"":""Hull (Right) Mounted"",""addWeapon"":{""id"":""lascannon"",""mount"":""Hull (Right) Mounted"",""count"":3}}]}]",,,,,stormhammer-model,weapon
stormhammer-pintle-weapon-upgrade,Stormhammer Pintle Weapon Upgrade,The Stormhammer can be equipped with pintle-mounted weapons.,1,"[{""id"":""stormhammer-heavy-stubber-option"",""name"":""Heavy Stubber"",""description"":""Add a Heavy Stubber to the vehicle"",""points"":5,""addWeapon"":{""id"":""heavy-stubber"",""mount"":""Pintle Mounted""}},{""id"":""stormhammer-heavy-flamer-option"",""name"":""Heavy Flamer"",""description"":""Add a Heavy Flamer to the vehicle"",""points"":10,""addWeapon"":{""id"":""heavy-flamer"",""mount"":""Pintle Mounted""}},{""id"":""stormhammer-multi-laser-option"",""name"":""Multi-Laser"",""description"":""Add a Multi-Laser to the vehicle"",""points"":10,""addWeapon"":{""id"":""multi-laser"",""mount"":""Pintle Mounted""}}]",,,,,stormhammer-model,weapon
stormhammer-hunter-killer-missile-upgrade,Stormhammer Hunter-Killer Missile Upgrade,The Stormhammer can be equipped with a Hunter-Killer Missile.,1,"[{""id"":""stormhammer-hunter-killer-missile-option"",""name"":""Hunter-Killer Missile"",""description"":""Add a Turret mounted Hunter-Killer Missile to the vehicle"",""points"":5,""addWeapon"":{""id"":""hunter-killer-missile"",""mount"":""Turret Mounted""}}]",,,,,stormhammer-model,wargear
stormhammer-searchlight-upgrade,Stormhammer Searchlight Upgrade,The Stormhammer can be equipped with a Searchlight.,1,"[{""id"":""stormhammer-searchlight-option"",""name"":""Searchlight"",""description"":""Add a Searchlight to the vehicle"",""points"":5,""addWargear"":""searchlight""}]",,,,,stormhammer-model,wargear
stormhammer-flare-shield-upgrade,Stormhammer Flare Shield Upgrade,The Stormhammer can be equipped with a Flare Shield.,1,"[{""id"":""stormhammer-flare-shield-option"",""name"":""Flare Shield"",""description"":""Add a Flare Shield to the vehicle"",""points"":20,""addWargear"":""flare-shield""}]",,,,,stormhammer-model,wargear